Author,Date
"Alexander Andreev-Andrievskiy, Anfisa Popova, Richard Boyle, Jeffrey Alberts, Boris Shenkman, Olga Vinogradova, Oleg Dolgov, Konstantin Anokhin, Darya Tsvirkun, Pavel Soldatov, Tatyana Nemirovskaya, Eugeniy Ilyin, Vladimir Sychev",2014 Aug 18
"Elizabeth A Blaber, Natalya Dvorochkin, Chialing Lee, Joshua S Alwood, Rukhsana Yousuf, Piero Pianetta, Ruth K Globus, Brendan P Burns, Eduardo A C Almeida",2013 Apr 18
"Nelson Adolfo López Garzón, María Virginia Pinzón-Fernández, Jhan S Saavedra T, Humberto A Nati-Castillo, Marlon Arias-Intriago, Camila Salazar-Santoliva, Juan S Izquierdo-Condoy",2025 Mar 27
"Takanobu Mashiko, Koji Kanayama, Natsumi Saito, Takako Shirado, Rintaro Asahi, Masanori Mori, Kotaro Yoshimura",2021 Mar 4
"Macarena Parra, Jimmy Jung, Travis D Boone, Luan Tran, Elizabeth A Blaber, Mark Brown, Matthew Chin, Tori Chinn, Jacob Cohen, Robert Doebler, Dzung Hoang, Elizabeth Hyde, Matthew Lera, Louie T Luzod, Mark Mallinson, Oana Marcu, Youssef Mohamedaly, Antonio J Ricco, Kathleen Rubins, Gregory D Sgarlato, Rafael O Talavera, Peter Tong, Eddie Uribe, Jeffrey Williams, Diana Wu, Rukhsana Yousuf, Charles S Richey, Julie Schonfeld, Eduardo A C Almeida",2017 Sep 6
"Akhilesh Kumar, Candice G T Tahimic, Eduardo A C Almeida, Ruth K Globus",2021 Aug 23
"Joshua S Alwood, Luan H Tran, Ann-Sofie Schreurs, Yasaman Shirazi-Fard, Akhilesh Kumar, Diane Hilton, Candice G T Tahimic, Ruth K Globus",2017 Oct 10
"Joshua S Alwood, April E Ronca, Richard C Mains, Mark J Shelhamer, Jeffrey D Smith, Thomas J Goodwin",2017 Jan 12
"Megan M Pendleton, Saghi Sadoughi, Alfred Li, Grace D O'Connell, Joshua S Alwood, Tony M Keaveny",2018 Oct 27
"Megan M Pendleton, Shannon R Emerzian, Jennifer Liu, Simon Y Tang, Grace D O’Connell, Joshua S Alwood, Tony M Keaveny",2019 Aug 21
"Catherine Moorwood, Anastassios Philippou, Janelle Spinazzola, Benjamin Keyser, Edward J Macarak, Elisabeth R Barton",2014 Jul 1
"Jianling Peng, Hilal Ilarslan, Eve Syrkin Wurtele, Diane C Bassham",2011 Jan 26
"Sang-Jin Kim, Diane C Bassham",2011 Apr 26
"Natalia Rzepecka, Yoko Ito, Kei Yura, Emi Ito, Tomohiro Uemura",2024 Mar 25
"Rahul Roy, Diane C Bassham",2017 Apr 11
"Rahul Roy, Diane C Bassham",2015 Nov 12
"Rahul Roy, Diane C Bassham",2017 Apr 11
"Martin P Kracklauer, Heather M Wiora, William J Deery, Xin Chen, Benjamin Bolival, Jr, Dwight Romanowicz, Rebecca A Simonette, Margaret T Fuller, Janice A Fischer, Kathleen M Beckingham",2010 Jul 20
"Katherine Taylor, Kurt Kleinhesselink, Michael D George, Rachel Morgan, Tangi Smallwood, Ann S Hammonds, Patrick M Fuller, Perot Saelao, Jeff Alley, Allen G Gibbs, Deborah K Hoshizaki, Laurence von Kalm, Charles A Fuller, Kathleen M Beckingham, Deborah A Kimbrell",2014 Jan 24
"Afshin Beheshti, Kaushik Chakravarty, Homer Fogle, Hossein Fazelinia, Willian A da Silveira, Valery Boyko, San-Huei Lai Polo, Amanda M Saravia-Butler, Gary Hardiman, Deanne Taylor, Jonathan M Galazka, Sylvain V Costes",2020 Jan 27
"Afshin Beheshti, J Tyson McDonald, Jack Miller, Peter Grabham, Sylvain V Costes",2019 Feb 3
"Daniel C Berrios, Afshin Beheshti, Sylvain V Costes",2018 Dec 5
"J Tyson McDonald, Robert Stainforth, Jack Miller, Thomas Cahill, Willian A da Silveira, Komal S Rathi, Gary Hardiman, Deanne Taylor, Sylvain V Costes, Vinita Chauhan, Robert Meller, Afshin Beheshti",2020 Feb 7
"Sherina Malkani, Christopher R Chin, Egle Cekanaviciute, Marie Mortreux, Hazeem Okinula, Marcel Tarbier, Ann-Sofie Schreurs, Yasaman Shirazi-Fard, Candice GT Tahimic, Deyra N Rodriguez, Brittany S Sexton, Daniel Butler, Akanksha Verma, Daniela Bezdan, Ceyda Durmaz, Matthew MacKay, Ari Melnick, Cem Meydan, Sheng Li, Francine Garrett-Bakelman, Bastian Fromm, Ebrahim Afshinnekoo, Brad W Langhorst, Eileen T Dimalanta, Margareth Cheng-Campbell, Elizabeth Blaber, Jonathan C Schisler, Charles Vanderburg, Marc R Friedländer, J Tyson McDonald, Sylvain V Costes, Seward Rutkove, Peter Grabham, Christopher E Mason, Afshin Beheshti",2020 Nov 25
"Pedro Madrigal, Nitin K Singh, Jason M Wood, Elena Gaudioso, Félix Hernández-del-Olmo, Christopher E Mason, Kasthuri Venkateswaran, Afshin Beheshti",2022 Aug 24
"Rosa Drago-Ferrante, Riccardo Di Fiore, Fathi Karouia, Yashwanth Subbannayya, Saswati Das, Begum Aydogan Mathyk, Shehbeel Arif, Ana Paula Guevara-Cerdán, Allen Seylani, Aman Singh Galsinh, Weronika Kukulska, Joseph Borg, Sherif Suleiman, David Marshall Porterfield, Andrea Camera, Lane K Christenson, April Elizabeth Ronca, Jonathan G Steller, Afshin Beheshti, Jean Calleja-Agius",2022 Jul 5
"Geraldine Vitry, Rebecca Finch, Gavin Mcstay, Afshin Behesti, Sébastien Déjean, Tricia Larose, Virginia Wotring, Willian Abraham da Silveira",2022 Sep 24
"Adrian Perdyan, Marcin Jąkalski, Monika Horbacz, Afshin Beheshti, Jakub Mieczkowski",2024 Jan 15
"S Anand Narayanan, David A Jamison, Jr, Joseph W Guarnieri, Victoria Zaksas, Michael Topper, Andrew P Koutnik, Jiwoon Park, Kevin B Clark, Francisco J Enguita, Ana Lúcia Leitão, Saswati Das, Pedro M Moraes-Vieira, Diego Galeano, Christopher E Mason, Nídia S Trovão, Robert E Schwartz, Jonathan C Schisler, Jordana G A Coelho-dos-Reis, Eve Syrkin Wurtele, Afshin Beheshti",2023 Nov 8
"Andrea Camera, Marshall Tabetah, Veronica Castañeda, JangKeun Kim, Aman Singh Galsinh, Alissen Haro-Vinueza, Ivonne Salinas, Allen Seylani, Shehbeel Arif, Saswati Das, Marcelo A Mori, Anthony Carano, Lorraine Christine de Oliveira, Masafumi Muratani, Richard Barker, Victoria Zaksas, Chirag Goel, Eleni Dimokidis, Deanne M Taylor, Jisu Jeong, Eliah Overbey, Cem Meydan, D Marshall Porterfield, Juan Esteban Díaz, Andrés Caicedo, Jonathan C Schisler, Evagelia C Laiakis, Christopher E Mason, Man S Kim, Fathi Karouia, Nathaniel J Szewczyk, Afshin Beheshti",2024 Jun 11
"J Tyson McDonald, JangKeun Kim, Lily Farmerie, Meghan L Johnson, Nidia S Trovao, Shehbeel Arif, Keith Siew, Sergey Tsoy, Yaron Bram, Jiwoon Park, Eliah Overbey, Krista Ryon, Jeffrey Haltom, Urminder Singh, Francisco J Enguita, Victoria Zaksas, Joseph W Guarnieri, Michael Topper, Douglas C Wallace, Cem Meydan, Stephen Baylin, Robert Meller, Masafumi Muratani, D Marshall Porterfield, Brett Kaufman, Marcelo A Mori, Stephen B Walsh, Dominique Sigaudo-Roussel, Saida Mebarek, Massimo Bottini, Christophe A Marquette, Eve Syrkin Wurtele, Robert E Schwartz, Diego Galeano, Christopher E Mason, Peter Grabham, Afshin Beheshti",2024 Jun 11
"Allen Seylani, Aman Singh Galsinh, Alexia Tasoula, Anu R I, Andrea Camera, Jean Calleja-Agius, Joseph Borg, Chirag Goel, JangKeun Kim, Kevin B Clark, Saswati Das, Shehbeel Arif, Michael Boerrigter, Caroline Coffey, Nathaniel Szewczyk, Christopher E Mason, Maria Manoli, Fathi Karouia, Hansjörg Schwertz, Afshin Beheshti, Dana Tulodziecki",2024 Jun 11
"Rachel Gilbert, Medaya Torres, Rachel Clemens, Shannon Hateley, Ravikumar Hosamani, William Wade, Sharmila Bhattacharya",2020 Feb 4
"Stanley Walls, Soda Diop, Ryan Birse, Lisa Elmen, Zhuohui Gan, Sreehari Kalvakuri, Santiago Pineda, Curran Reddy, Erika Taylor, Bosco Trinh, Georg Vogler, Rachel Zarndt, Andrew McCulloch, Peter Lee, Sharmila Bhattacharya, Rolf Bodmer, Karen Ocorr",2020 Nov 25
"Judith García-González, Kasper van Gelderen",2021 Dec 16
"J Alan Sparks, Taegun Kwon, Luciana Renna, Fuqi Liao, Federica Brandizzi, Elison B Blancaflor",2016 Mar 3
"Taegun Kwon, J Alan Sparks, Fuqi Liao, Elison B Blancaflor",2018 May 25
"Louise de Bang, Ana Paez-Garcia, Ashley E Cannon, Sabrina Chin, Jaydeep Kolape, Fuqi Liao, J Alan Sparks, Qingzhen Jiang, Elison B Blancaflor",2020 Feb 4
"William Krogman, J Alan Sparks, Elison B Blancaflor",2020 Sep 2
"Sabrina Chin, Taegun Kwon, Bibi Rafeiza Khan, J Alan Sparks, Eileen L Mallery, Daniel B Szymanski, Elison B Blancaflor",2021 Apr 20
"Yui Okamura, Kei Gochi, Tatsuya Ishikawa, Takuto Hayashi, Sayaka Fuseya, Riku Suzuki, Maho Kanai, Yuri Inoue, Yuka Murakami, Shunya Sadaki, Hyojung Jeon, Mio Hayama, Hiroto Ishii, Yuki Tsunakawa, Hiroki Ochi, Shingo Sato, Michito Hamada, Chikara Abe, Hironobu Morita, Risa Okada, Dai Shiba, Masafumi Muratani, Masahiro Shinohara, Taishin Akiyama, Takashi Kudo, Satoru Takahashi",2024 Nov 20
"Michael R Dorwart, Robin Wray, Chad A Brautigam, Youxing Jiang, Paul Blount",2010 Dec 7
"Li-Min Yang, Paul Blount",2011 Jan
"Irene Iscla, Robin Wray, Paul Blount",2011 Jul 7
"Li-Min Yang, Robin Wray, Juandell Parker, Danyell Wilson, Randolph S Duran, Paul Blount",2012 Jan 6
"Irene Iscla, Robin Wray, Paul Blount",2012 Jul 1
"Ian R Booth, Paul Blount",2012 Sep
"Li-Min Yang, Dalian Zhong, Paul Blount",2013 Feb 14
" Thomas C. Boothby, Jennifer R. Tenlen, Frank W. Smith, Jeremy R. Wang, Kiera A. Patanella, Erin Osborne Nishimura, Sophia C. Tintori, Qing Li, Corbin D. Jones, Mark Yandell, David N. Messina, Jarret Glasscock, and Bob Goldstein,",2016 Aug 22
"Thomas C Boothby, Bob Goldstein",2016 May 12
"Samuel Lim, Charles B Reilly, Zeina Barghouti, Benedetto Marelli, Jeffrey C Way, Pamela A Silver",2024 May 25
,2025 Feb 17
"Takahiro Bino, Yuhei Goto, Gembu Maryu, Kazuharu Arakawa, Kazuhiro Aoki",2024 Nov 19
"Ilaria Giovannini, Thomas C Boothby, Michele Cesari, Bob Goldstein, Roberto Guidetti, Lorena Rebecchi",2022 Feb 4
"Erika B Wagner, Nicholas P Granzella, Hiroaki Saito, Dava J Newman, Laurence R Young, Mary L Bouxsein",2010 Jun 3
"Rachel Ellman, Jordan Spatz, Alison Cloutier, Rupert Palme, Blaine A Christiansen, Mary L Bouxsein",2013 Apr
"M Sung, J Li, AJ Spieker, J Spatz, R Ellman, VL Ferguson, TA Bateman, GD Rosen, M Bouxsein, SB Rutkove",2013 Dec
"Afshin Beheshti, Kaushik Chakravarty, Homer Fogle, Hossein Fazelinia, Willian A da Silveira, Valery Boyko, San-Huei Lai Polo, Amanda M Saravia-Butler, Gary Hardiman, Deanne Taylor, Jonathan M Galazka, Sylvain V Costes",2019 Dec 16
"Frank C Ko, Miranda Van Vliet, Rachel Ellman, Daniel Grasso, Daniel J Brooks, Jordan M Spatz, Chrissy Conlon, J Ignacio Aguirre, Thomas J Wronski, Mary L Bouxsein",2017 Oct 9
"Jordan M Spatz, Frank C Ko, Ugur M Ayturk, Matthew L Warman, Mary L Bouxsein",2021 Oct 12
"Yared H Kidane, Franklin H Lee, Matthew F Smith, Chunbo Wang, Jacqueline Barbera Mirza, Saachi Sharma, Alejandro A Lobo, Krish C Dewan, Jengwei Chen, Thomas E Diaz, Michelle Mendiola Pla, Matthew W Foster, Dawn E Bowles",2024 Apr 18
"Nikolay Aseyev, Alia Kh Vinarskaya, Matvey Roshchin, Tatiana A Korshunova, Aleksey Yu Malyshev, Alena B Zuzina, Victor N Ierusalimsky, Maria S Lemak, Igor S Zakharov, Ivan A Novikov, Peter Kolosov, Ekaterina Chesnokova, Svetlana Volkova, Artem Kasianov, Leonid Uroshlev, Yekaterina Popova, Richard D Boyle, Pavel M Balaban",2017 Nov 1
"Richard Boyle, Reza Ehsanian, Alireza Mofrad, Yekaterina Popova, Joseph Varelas",2018 Mar 23
"Richard Boyle, Yekaterina Popova, Joseph Varelas",2018 Oct 22
"Federica Brandizzi, Charles Barlowe",2013 Jun
"Yani Chen, Federica Brandizzi",2013 Jul 21
"Yani Chen, Kyaw Aung, Jakub Rolčík, Kathryn Walicki, Jiří Friml, Federica Brandizzi",2013 Dec 3
"Federica Brandizzi, Lorenzo Frigerio, Stephen H Howell, Patrick Schäfer",2014 Sep 1
"Yingzhen Kong, Maria J Peña, Luciana Renna, Utku Avci, Sivakumar Pattathil, Sami T Tuomivaara, Xuemei Li, Wolf-Dieter Reiter, Federica Brandizzi, Michael G Hahn, Alan G Darvill, William S York, Malcolm A O’Neill",2015 Feb 11
"Cristina Ruberti, Sang-Jin Kim, Giovanni Stefano, Federica Brandizzi",2015 Jul 5
"David G Robinson, Federica Brandizzi, Chris Hawes, Akihiko Nakano",2015 Apr 16
"Sarathi M Weraduwage, Sang-Jin Kim, Luciana Renna, Fransisca C Anozie, Thomas D Sharkey, Federica Brandizzi",2016 Apr 4
"Robert M Larkin, Giovanni Stefano, Michael E Ruckle, Andrea K Stavoe, Christopher A Sinkler, Federica Brandizzi, Carolyn M Malmstrom, Katherine W Osteryoung",2016 Feb 9
"Evan Angelos, Cristina Ruberti, Sang-Jin Kim, Federica Brandizzi",2017 Mar 10
"Evan Angelos, Federica Brandizzi",2018 Oct 23
"Evan Angelos, Dae Kwan Ko, Starla Zemelis-Durfee, Federica Brandizzi",2021 Mar 10
"NJB Brereton, FE Pitre, E Gonzalez",2021 Apr 23
"Victor Missirian, Phillip A Conklin, Kevin M Culligan, Neil D Huefner, Anne B Britt",2016 Nov 21
"Neil D Huefner, Kaoru Yoshiyama, Joanna D Friesner, Phillip A Conklin, Anne B Britt",2014 May 20
"Christopher E Carr, Noelle C Bryan, Kendall N Saboda, Srinivasa A Bhattaru, Gary Ruvkun, Maria T Zuber",2018 Aug 7
"Irina V Ogneva, Sergey S Loktev, Vladimir N Sychev",2018 May 16
"Ryan W Baranowski, Jessica L Braun, Briana L Hockey, Jenalyn L Yumol, Mia S Geromella, Colton JF Watson, Nigel Kurgan, Holt N Messner, Kennedy C Whitley, Adam J MacNeil, Guillemette Gauquelin-Koch, Fabrice Bertile, William Gittings, Rene Vandenboom, Wendy E Ward, Val A Fajardo",2023 Jun 8
"Jessica L Braun, Val A Fajardo",2024 Jul 19
"Jonathan Baio, Aida F Martinez, Ivan Silva, Carla V Hoehn, Stephanie Countryman, Leonard Bailey, Nahidh Hasaniya, Michael J Pecaut, Mary Kearns-Jonker",2018 Jul 26
"Andrea L DiCarlo, Lisa S Carnell, Carmen I Rios, Pataje G Prasanna",2022 Jun 14
"Noelle C Bryan, Francois Lebreton, Michael Gilmore, Gary Ruvkun, Maria T Zuber, Christopher E Carr",2021 Jan 11
"M Teresa Ortega, Nanyan Lu, Stephen K Chapes",2012 Feb 27
"Tonia Von Ohlen, Alison Luce-Fedrow, M Teresa Ortega, Roman R Ganta, Stephen K Chapes",2012 Oct
"Rishi Drolia, Tonia Von Ohlen, Stephen K Chapes",2013 Jan 8
"Joshua A Jackman, Astghik Hakobyan, Rafayela Grigoryan, Roza Izmailyan, Charles C Elrod, Hovakim Zakaryan",2024 Apr 25
"Stephen K Chapes, M Teresa Ortega",2013 Jun 1
"Lea H Dib, M Teresa Ortega, Sherry D Fleming, Stephen K Chapes, Tonatiuh Melgarejo",2013 Oct 29
"Lea H Dib, M Teresa Ortega, Tonatiuh Melgarejo, Stephen K Chapes",2015 Jan 20
"Trisha A Rettig, Claire Ward, Michael J Pecaut, Stephen K Chapes",2017 Jul
"Trisha A Rettig, Claire Ward, Bailey A Bye, Michael J Pecaut, Stephen K Chapes",2018 Jan 10
"Claire Ward, Trisha A Rettig, Savannah Hlavacek, Bailey A Bye, Michael J Pecaut, Stephen K Chapes",2017 Dec 2
"Trisha A Rettig, Michael J Pecaut, Stephen K Chapes",2018 Aug 30
"Johannes Lengler, Markus Weiller, Franziska Horling, Josef Mayrhofer, Maria Schuster, Falko G Falkner, Irene Gil-Farina, Matthias Klugmann, Friedrich Scheiflinger, Werner Hoellriegl, Hanspeter Rottensteiner",2025 Jan 28
"Johannes Lengler, Markus Weiller, Franziska Horling, Josef Mayrhofer, Maria Schuster, Falko G Falkner, Irene Gil-Farina, Matthias Klugmann, Friedrich Scheiflinger, Werner Hoellriegl, Hanspeter Rottensteiner",2025 Jan 28
"Trisha A Rettig, John C Tan, Nina C Nishiyama, Stephen K Chapes, Michael J Pecaut",2021 Aug 25
"Xiaoman Hong, Anamika Ratri, Sungshin Y Choi, Joseph S Tash, April E Ronca, Joshua S Alwood, Lane K Christenson",2021 Mar 12
"Wooseong Kim, Farah K Tengra, Jasmine Shong, Nicholas Marchand, Hon Kit Chan, Zachary Young, Ravindra C Pangule, Macarena Parra, Jonathan S Dordick, Joel L Plawsky, Cynthia H Collins",2013 Nov 6
"Wooseong Kim, Farah K Tengra, Zachary Young, Jasmine Shong, Nicholas Marchand, Hon Kit Chan, Ravindra C Pangule, Macarena Parra, Jonathan S Dordick, Joel L Plawsky, Cynthia H Collins",2013 Apr 29
"Eliah G Overbey, Amanda M Saravia-Butler, Zhe Zhang, Komal S Rathi, Homer Fogle, Willian A da Silveira, Richard J Barker, Joseph J Bass, Afshin Beheshti, Daniel C Berrios, Elizabeth A Blaber, Egle Cekanaviciute, Helio A Costa, Laurence B Davin, Kathleen M Fisch, Samrawit G Gebre, Matthew Geniza, Rachel Gilbert, Simon Gilroy, Gary Hardiman, Raúl Herranz, Yared H Kidane, Colin PS Kruse, Michael D Lee, Ted Liefeld, Norman G Lewis, J Tyson McDonald, Robert Meller, Tejaswini Mishra, Imara Y Perera, Shayoni Ray, Sigrid S Reinsch, Sara Brin Rosenthal, Michael Strong, Nathaniel J Szewczyk, Candice GT Tahimic, Deanne M Taylor, Joshua P Vandenbrink, Alicia Villacampa, Silvio Weging, Chris Wolverton, Sarah E Wyatt, Luis Zea, Sylvain V Costes, Jonathan M Galazka",2021 Mar 26
"Daniel C Berrios, Jonathan Galazka, Kirill Grigorev, Samrawit Gebre, Sylvain V Costes",2020 Oct 20
"Willian A da Silveira, Hossein Fazelinia, Sara Brin Rosenthal, Evagelia C Laiakis, Man S Kim, Cem Meydan, Yared Kidane, Komal S Rathi, Scott M Smith, Benjamin Stear, Yue Ying, Yuanchao Zhang, Jonathan Foox, Susana Zanello, Brian Crucian, Dong Wang, Adrienne Nugent, Helio A Costa, Sara R Zwart, Sonja Schrepfer, R A Leo Elworth, Nicolae Sapoval, Todd Treangen, Matthew MacKay, Nandan S Gokhale, Stacy M Horner, Larry N Singh, Douglas C Wallace, Jeffrey S Willey, Jonathan C Schisler, Robert Meller, J Tyson McDonald, Kathleen M Fisch, Gary Hardiman, Deanne Taylor, Christopher E Mason, Sylvain V Costes, Afshin Beheshti",2020 Nov 25
"Lindsay Rutter, Richard Barker, Daniela Bezdan, Henry Cope, Sylvain V Costes, Lovorka Degoricija, Kathleen M Fisch, Mariano I Gabitto, Samrawit Gebre, Stefania Giacomello, Simon Gilroy, Stefan J Green, Christopher E Mason, Sigrid S Reinsch, Nathaniel J Szewczyk, Deanne M Taylor, Jonathan M Galazka, Raul Herranz, Masafumi Muratani",2020 Nov 25
"Charlotte A Nelson, Ana Uriarte Acuna, Amber M Paul, Ryan T Scott, Atul J Butte, Egle Cekanaviciute, Sergio E Baranzini, Sylvain V Costes",2021 Jan 12
"Eliah G Overbey, Amanda M Saravia-Butler, Zhe Zhang, Komal S Rathi, Homer Fogle, Willian A da Silveira, Richard J Barker, Joseph J Bass, Afshin Beheshti, Daniel C Berrios, Elizabeth A Blaber, Egle Cekanaviciute, Helio A Costa, Laurence B Davin, Kathleen M Fisch, Samrawit G Gebre, Matthew Geniza, Rachel Gilbert, Simon Gilroy, Gary Hardiman, Raúl Herranz, Yared H Kidane, Colin PS Kruse, Michael D Lee, Ted Liefeld, Norman G Lewis, J Tyson McDonald, Robert Meller, Tejaswini Mishra, Imara Y Perera, Shayoni Ray, Sigrid S Reinsch, Sara Brin Rosenthal, Michael Strong, Nathaniel J Szewczyk, Candice GT Tahimic, Deanne M Taylor, Joshua P Vandenbrink, Alicia Villacampa, Silvio Weging, Chris Wolverton, Sarah E Wyatt, Luis Zea, Sylvain V Costes, Jonathan M Galazka",2021 Mar 26
"Yuvarani Masarapu, Egle Cekanaviciute, Zaneta Andrusivova, Jakub O Westholm, Åsa Björklund, Robin Fallegger, Pau Badia-i-Mompel, Valery Boyko, Shubha Vasisht, Amanda Saravia-Butler, Samrawit Gebre, Enikő Lázár, Marta Graziano, Solène Frapard, Robert G Hinshaw, Olaf Bergmann, Deanne M Taylor, Douglas C Wallace, Christer Sylvén, Konstantinos Meletis, Julio Saez-Rodriguez, Jonathan M Galazka, Sylvain V Costes, Stefania Giacomello",2024 Jun 11
"Sylvain V Costes, Chelle L Gentemann, Steven H Platts, Lisa A Carnell",2024 Jun 11
"Lauren M Sanders, Kirill A Grigorev, Ryan T Scott, Amanda M Saravia-Butler, San-huei Lai Polo, Rachel Gilbert, Eliah G Overbey, JangKeun Kim, Christopher E Mason, Sylvain V Costes",2024 May 14
"Konstantinos I Adamopoulos, Lauren M Sanders, Sylvain V Costes",2024 Apr 26
"Lauren M Sanders, Danielle K Lopez, Alan E Wood, Ryan T Scott, Samrawit G Gebre, Amanda M Saravia-Butler, Sylvain V Costes",2024 Sep 16
"Gaurav Baranwal, Heidi A Creed, Walter E Cromer, Wei Wang, Bradley D Upchurch, Matt C Smithhart, Suman S Vadlamani, Mary-Catherine C Clark, Napoleon C Busbuso, Stephanie N Blais, Andrea J Reyna, Ranjeet M Dongaonkar, David C Zawieja, Joseph M Rutkowski",2021 Apr 9
"Nicholas Nastasi, Sarah R Haines, Ashleigh Bope, Marit E Meyer, John M Horack, Karen C Dannemiller",2024 May 24
"Nicholas Nastasi, Ashleigh Bope, Marit E Meyer, John M Horack, Karen C Dannemiller",2024 Sep 10
"Rhonda D Prisby, James M Dominguez, II, Judy Muller-Delp, Matthew R Allen, Michael D Delp",2012 Nov 20
"John N Stabley, Rhonda D Prisby, Bradley J Behnke, Michael D Delp",2013 Sep 19
"Robert T Davis, III, John N Stabley, James M Dominguez, II, Michael W Ramsey, Danielle J McCullough, Lisa A Lesniewski, Michael D Delp, Brad J Behnke",2013 Jan 24
"Bradley J Behnke, John N Stabley, Danielle J McCullough, Robert T Davis, III, James M Dominguez, II, Judy M Muller-Delp, Michael D Delp",2013 Jan
"Curtis R Taylor, Mina Hanna, Bradley J Behnke, John N Stabley, Danielle J McCullough, Robert T Davis, III, Payal Ghosh, Anthony Papadopoulos, Judy M Muller-Delp, Michael D Delp",2013 Jun
"John N Stabley, Natasha C Moningka, Bradley J Behnke, Michael D Delp",2014 Nov
"Rhonda D Prisby, Bradley J Behnke, Matthew R Allen, Michael D Delp",2015 Jan 29
"John N Stabley, Rhonda D Prisby, Bradley J Behnke, Michael D Delp",2015 Apr
"Svetlana I Sofronova, Olga S Tarasova, Dina Gaynullina, Anna A Borzykh, Bradley J Behnke, John N Stabley, Danielle J McCullough, Joshua J Maraj, Mina Hanna, Judy M Muller-Delp, Olga L Vinogradova, Michael D Delp",2015 Jan 15
"Michael D Delp, Jacqueline M Charvat, Charles L Limoli, Ruth K Globus, Payal Ghosh",2016 Jul 28
"Judy M Muller-Delp, Kazuki Hotta, Bei Chen, Bradley J Behnke, Joshua J Maraj, Michael D Delp, Tiffani R Lucero, Jeremy A Bramy, David B Alarcon, Hannah E Morgan, Morgan R Cowan, Anthony D Haynes",2017 Oct 12
"Xiao W Mao, Stephanie Byrum, Nina C Nishiyama, Michael J Pecaut, Vijayalakshmi Sridharan, Marjan Boerma, Alan J Tackett, Dai Shiba, Masaki Shirakawa, Satoru Takahashi, Michael D Delp",2018 Aug 28
"Olga S Tarasova, Vjatcheslav U Kalenchuk, Anatoly S Borovik, Veronika O Golubinskaya, Michael D Delp, Olga L Vinogradova",2020 Jun 30
"Zhong Chen, Seta Stanbouly, Nina C Nishiyama, Xin Chen, Michael D Delp, Hongyu Qiu, Xiao W Mao, Charles Wang",2021 May 17
"David Huss, Rena Navaluri, Kathleen F Faulkner, J David Dickman",2010 May
"Kimberly L McArthur, Mridha Zakir, Asim Haque, J David Dickman",2011 Jul 1
"Chike Cao, Aaron B Oswald, Brian A Fabella, Yinshi Ren, Ramona Rodriguiz, George Trainor, Matthew B Greenblatt, Matthew J Hilton, Geoffrey S Pitt",2019 May 20
"Araceli Espinosa-Jeffrey, Kevin Nguyen, Shalini Kumar, Ochiai Toshimasa, Ryuji Hirose, Karen Reue, Laurent Vergnes, Jason Kinchen, Jean de Vellis",2016 Sep 28
"Carlos Cepeda, Laurent Vergnes, Nicholas Carpo, Matthew J Schibler, Laurent A Bentolila, Fathi Karouia, Araceli Espinosa-Jeffrey",2019 Sep 27
"Victoria Tran, Nicholas Carpo, Sophia Shaka, Joile Zamudio, Sungshin Choi, Carlos Cepeda, Araceli Espinosa-Jeffrey",2023 Oct 13
"Sophia Shaka, Nicolas Carpo, Victoria Tran, Carlos Cepeda, Araceli Espinosa-Jeffrey",2022 Nov 18
"Victoria Tran, Nicholas Carpo, Carlos Cepeda, Araceli Espinosa-Jeffrey",2023 Jan 19
"Laurent Vergnes, Bernard Foucaud, Carlos Cepeda, Araceli Espinosa-Jeffrey",2023 Sep 11
"Juan Carlos Biancotti, Araceli Espinosa-Jeffrey",2023 Dec 22
"A C Stahn, D Bucher, P zu Eulenburg, P Denise, N Smith, F Pagnini, O White",2023 Jul 31
"Robert J Ferl, Jin Koh, Fiona Denison, Anna-Lisa Paul",2015 Jan 1
"Robert J Ferl, Anna-Lisa Paul",2016 Jan 21
"Eric R Schultz, Agata K Zupanska, Natasha J Sng, Anna-Lisa Paul, Robert J Ferl",2017 Feb 1
"Mingqi Zhou, Anna-Lisa Paul, Robert J Ferl",2017 May 31
"Anna-Lisa Paul, Natasha J Sng, Agata K Zupanska, Aparna Krishnamurthy, Eric R Schultz, Robert J Ferl",2017 Jun 29
"Natasha J Sng, Anna-Lisa Paul, Robert J Ferl",2018 Mar 26
"Nicole S Beisel, Jordan B Callaham, Natasha J Sng, Dylan J Taylor, Anna‐Lisa Paul, Robert J Ferl",2018 Oct 19
"Aparna Krishnamurthy, Robert J Ferl, Anna‐Lisa Paul",2018 Nov 14
"Nicole S Beisel, Jerald Noble, W Brad Barbazuk, Anna-Lisa Paul, Robert J Ferl",2019 Apr 3
"Paul Zabel, Conrad Zeidler, Vincent Vrakking, Markus Dorn, Daniel Schubert",2020 May 26
"Brandon Califar, Natasha J Sng, Agata Zupanska, Anna-Lisa Paul, Robert J Ferl",2020 Mar 4
"Jamie Fitzgerald, Jamie Endicott, Uwe Hansen, Cathleen Janowitz",2019 Feb 18
"Jamie S Foster, Raymond M Wheeler, Regine Pamphile",2014 May 26
"Elizabeth AC Heath-Heckman, Jamie Foster, Michael A Apicella, William E Goldman, Margaret McFall-Ngai",2016 May 3
"Mahdi Belcaid, Giorgio Casaburi, Sarah J McAnulty, Hannah Schmidbaur, Andrea M Suria, Silvia Moriano-Gutierrez, M Sabrina Pankey, Todd H Oakley, Natacha Kremer, Eric J Koch, Andrew J Collins, Hoan Nguyen, Sai Lek, Irina Goncharenko-Foster, Patrick Minx, Erica Sodergren, George Weinstock, Daniel S Rokhsar, Margaret McFall-Ngai, Oleg Simakov, Jamie S Foster, Spencer V Nyholm",2019 Jan 11
"Madeline M Vroom, Yaneli Rodriguez-Ocasio, Jonathan B Lynch, Edward G Ruby, Jamie S Foster",2021 Mar 8
"Hannah Schmidbaur, Akane Kawaguchi, Tereza Clarence, Xiao Fu, Oi Pui Hoang, Bob Zimmermann, Elena A Ritschard, Anton Weissenbacher, Jamie S Foster, Spencer V Nyholm, Paul A Bates, Caroline B Albertin, Elly Tanaka, Oleg Simakov",2022 Apr 21
"Madeline M Vroom, Angel Troncoso-Garcia, Alexandrea A Duscher, Jamie S Foster",2022 Aug 18
"PK Valonen, FT Moutos, A Kusanagi, M Moretti, BO Diekman, JF Welter, AI Caplan, F Guilak, LE Freed",2010 Jan 19
"Christoffer K Abrahamsson, Fan Yang, Hyoungshin Park, Jonathan M Brunger, Piia K Valonen, Robert Langer, Jean F Welter, Arnold I Caplan, Farshid Guilak, Lisa E Freed",2010 Sep 3
"Pajau Vangay, Josephine Burgin, Anjanette Johnston, Kristen L Beck, Daniel C Berrios, Kai Blumberg, Shane Canon, Patrick Chain, John-Marc Chandonia, Danielle Christianson, Sylvain V Costes, Joan Damerow, William D Duncan, Jose Pablo Dundore-Arias, Kjiersten Fagnan, Jonathan M Galazka, Sean M Gibbons, David Hays, Judson Hervey, Bin Hu, Bonnie L Hurwitz, Pankaj Jaiswal, Marcin P Joachimiak, Linda Kinkel, Joshua Ladau, Stanton L Martin, Lee Ann McCue, Kayd Miller, Nigel Mouncey, Chris Mungall, Evangelos Pafilis, T B K Reddy, Lorna Richardson, Simon Roux, Lynn M Schriml, Justin P Shaffer, Jagadish Chandrabose Sundaramurthi, Luke R Thompson, Ruth E Timme, Jie Zheng, Elisha M Wood-Charlson, Emiley A Eloe-Fadrosh",2021 May 4
"E Gonzalez, M D Lee, B T Tierney, N Lipieta, P Flores, M Mishra, L Beckett, A Finkelstein, A Mo, P Walton, F Karouia, R Barker, R J Jansen, S J Green, S Weging, J Kelliher, N K Singh, D Bezdan, J Galazska, N J B Brereton",2024 Aug 29
"Rachel Gilbert, Nicole Tanenbaum, Sharmila Bhattacharya",2022 May 4
"Anna C Simpson, V V Ramprasad Eedara, Nitin K Singh, Namita Damle, Ceth W Parker, Fathi Karouia, Christopher E Mason, Kasthuri Venkateswaran",2023 Jun 15
"Nitin K Singh, Jason M Wood, Jose Patane, Livia Maria Silva Moura, Jonathan Lombardino, João Carlos Setubal, Kasthuri Venkateswaran",2023 Jun 1
"Neil R Gottel, Megan S Hill, Maxwell J Neal, Sarah M Allard, Karsten Zengler, Jack A Gilbert",2024 Jan 10
"Adeeba Dark, Vadim Demidchik, Siân L Richards, Sergey Shabala, Julia M Davies",2011 Nov 1
"Han-Qing Wang, Xing-Yu Zhao, Zhong Tang, Xin-Yuan Huang, Peng Wang, Wenhua Zhang, Yunhui Zhang, Sheng Luan, Fang-Jie Zhao",2025 Apr 19
"Han-Qing Wang, Xing-Yu Zhao, Zhong Tang, Xin-Yuan Huang, Peng Wang, Wenhua Zhang, Yunhui Zhang, Sheng Luan, Fang-Jie Zhao",2025 Apr 19
"Won-Gyu Choi, Masatsugu Toyota, Su-Hwa Kim, Richard Hilleary, Simon Gilroy",2014 Mar 24
"Han-Qing Wang, Xing-Yu Zhao, Zhong Tang, Xin-Yuan Huang, Peng Wang, Wenhua Zhang, Yunhui Zhang, Sheng Luan, Fang-Jie Zhao",2025 Apr 19
"Ashley Ann Alvarez, Sang Won Han, Masatsugu Toyota, Carla Brillada, Jiameng Zheng, Simon Gilroy, Marcela Rojas-Pierce",2016 Nov 5
"Matthew J Evans, Won-Gyu Choi, Simon Gilroy, Richard J Morris",2016 Jun 3
"Sara I Zandalinas, Yosef Fichman, Ron Mittler",2020 Sep 15
"Thomas R Vincent, James Canham, Masatsugu Toyota, Marieta Avramova, Sam T Mugford, Simon Gilroy, Anthony J Miller, Saskia Hogenhout, Dale Sanders",2017 Aug 15
"Won-Gyu Choi, Gad Miller, Ian Wallace, Jeffrey Harper, Ron Mittler, Simon Gilroy",2017 Mar 30
"Rui Li, Yongfang Yang, Hao Lou, Weicheng Wang, Ran Du, Haidong Chen, Xiaoxi Du, Shuai Hu, Guo-Liang Wang, Jianbin Yan, Xiaoyi Shan, Daoxin Xie",2025 Feb 24
"Richard Barker, Jonathan Lombardino, Kai Rasmussen, Simon Gilroy",2020 Mar 4
"Richard Hilleary, Julio Paez-Valencia, Cullen Vens, Masatsugu Toyota, Michael Palmgren, Simon Gilroy",2020 Jul 20
"Sarah Johns, Takuma Hagihara, Masatsugu Toyota, Simon Gilroy",2021 Jan 7
"Richard Barker, Sylvain V Costes, Jack Miller, Samrawit G Gebre, Jonathan Lombardino, Simon Gilroy",2021 May 11
"Jian Yang, Iny Elizebeth Mathew, Hormat Rhein, Richard Barker, Qi Guo, Luca Brunello, Elena Loreti, Bronwyn J Barkla, Simon Gilroy, Pierdomenico Perata, Kendal D Hirschi",2022 Aug 16
"Richard Barker, Colin P S Kruse, Christina Johnson, Amanda Saravia-Butler, Homer Fogle, Hyun-Seok Chang, Ralph Møller Trane, Noah Kinscherf, Alicia Villacampa, Aránzazu Manzano, Raúl Herranz, Laurence B Davin, Norman G Lewis, Imara Perera, Chris Wolverton, Parul Gupta, Pankaj Jaiswal, Sigrid S Reinsch, Sarah Wyatt, Simon Gilroy",2023 Mar 20
"Joshua S Alwood, Akhilesh Kumar, Luan H Tran, Angela Wang, Charles L Limoli, Ruth K Globus",2012 Apr 18
"Joshua S Alwood, Mohammad Shahnazari, Betsabel Chicana, AS Schreurs, Akhilesh Kumar, Alana Bartolini, Yasaman Shirazi-Fard, Ruth K Globus",2015 Jun 1
"Sungshin Choi, Hami E Ray, San-Huei Lai, Joshua S Alwood, Ruth K Globus",2016 Dec 1
"Chengfei Li, Yikai Pan, Yuan Wang, Xi Li, Yateng Tie, Shuhan Li, Ruonan Wang, Xingcheng Zhao, Jieyi Fan, Xianchun Yan, Yongchun Wang, Xiqing Sun",2025 Jan 21
"Candice G T Tahimic, Ruth K Globus",2017 Oct 16
"Candice G T Tahimic , Amber M Paul, Ann-Sofie Schreurs , Samantha M Torres , Linda Rubinstein , Sonette Steczina , Moniece Lowe , Sharmila Bhattacharya 1, Joshua S Alwood 1, April E Ronca 1,5, Ruth K Globus 1",2019 Sep 13
"Sungshin Y Choi, Amanda Saravia-Butler, Yasaman Shirazi-Fard, Dennis Leveson-Gower, Louis S Stodieck, Samuel M Cadena, Janet Beegle, Stephanie Solis, April Ronca, Ruth K Globus",2020 Feb 11
"Jessica Cannavino, Lorenza Brocca, Marco Sandri, Bruno Grassi, Roberto Bottinelli, Maria Antonietta Pellegrino",2015 Feb 4
"Linda Rubinstein, Ann-Sofie Schreurs, Samantha M Torres, Sonette Steczina, Moniece G Lowe, Frederico Kiffer, Antiño R Allen, April E Ronca, Marianne B Sowa, Ruth K Globus, Candice G T Tahimic",2021 Jul 6
"Ching-Jung Lin, Peter Smibert, Xiaoyu Zhao, Jennifer F Hu, Johnny Ramroop, Stefanie M Kellner, Matthew A Benton, Shubha Govind, Peter C Dedon, Rolf Sternglanz, Eric C Lai",2015 Dec
"Mary Heavner, Johnny Ramroop, Gwenaelle Gueguen, Girish Ramrattan, Georgia Dolios, Michael Scarpati, Jonathan Kwiat, Sharmila Bhattacharya, Rong Wang, Shaneen Singh, Shubha Govind",2017 Sep 7
"Michael Scarpati, Yan Qi, Shubha Govind, Shaneen Singh",2019 Feb 12
"Brian Wey, Mary Ellen Heavner, Kameron T Wittmeyer, Thomas Briese, Keith R Hopper, Shubha Govind",2019 Nov 1
"Rachel Gilbert, Medaya Torres, Rachel Clemens, Shannon Hateley, Ravikumar Hosamani, William Wade, Sharmila Bhattacharya",2020 Feb 4
"Johnny R Ramroop, Mary Ellen Heavner, Zubaidul H Razzak, Shubha Govind",2021 May 28
"Joseph Arguelles, Jenny Lee, Lady V Cardenas, Shubha Govind, Shaneen Singh",2023 Jan 14
"Jennifer Chou, Johnny R Ramroop, Amanda M Saravia-Butler, Brian Wey, Matthew P Lera, Medaya L Torres, Mary Ellen Heavner, Janani Iyer, Siddhita D Mhatre, Sharmila Bhattacharya, Shubha Govind",2023 Dec 16
"Jennifer Chou, Johnny R Ramroop, Amanda M Saravia-Butler, Brian Wey, Matthew P Lera, Medaya L Torres, Mary Ellen Heavner, Janani Iyer, Siddhita D Mhatre, Sharmila Bhattacharya, Shubha Govind",2023 Dec 16
"Sakuya Yamanouchi, Jordan Rhone, Jian-Hua Mao, Keigi Fujiwara, Premkumar B Saganti, Akihisa Takahashi, Megumi Hada",2020 Sep 10
"Corey Nislow, Anna Y Lee, Patricia L Allen, Guri Giaever, Andrew Smith, Marinella Gebbia, Louis S Stodieck, Jeffrey S Hammond, Holly H Birdsall, Timothy G Hammond",2015 Jan 13
"Timothy G Hammond, Patricia L Allen, Margaret A Gunter, Jennifer Chiang, Guri Giaever, Corey Nislow, Holly H Birdsall",2017 Dec 29
"Timothy G Hammond, Patricia L Allen, Holly H Birdsall",2018 Dec 18
"Genzhu Wang, Hang Liu, Xiaoying Wang, Zhongdong Li",2025 Apr 25
"Li Zhou, Chenchen Song, Hu Yang, Lianlian Zhao, Xianglei Li, Xiuping Sun, Kai Gao, Jianguo Guo",2025 Feb 17
"Kipyo Kim, Beomgyun Jeong, Yun-Mi Lee, Hyung-Eun Son, Ji-Young Ryu, Seokwoo Park, Jong Cheol Jeong, Ho Jun Chin, Sejoong Kim",2022 Apr 28
"Wenying Shu, Tingting Jin, Jinya Shi, Jingjie Li, Zhaoyan Wang",2024 Oct 17
"Jeannie F Bailey, Stephanie L Miller, Kristine Khieu, Conor W O’Neill, Robert M Healey, Dezba G Coughlin, Jojo V Sayson, Douglas G Chang, Alan R Hargens, Jeffrey C Lotz",2017 Sep 28
"Bing Zhang, Esther Cory, Roshmi Bhattacharya, Robert Sah, Alan R Hargens",2013 Jun 20
"Stephen J Shymon, Burt Yaszay, Jerry R Dwek, James A Proudfoot, Michael Donohue, Alan R Hargens",2014 Feb 1
"Britta Berg-Johansen, Ellen C Liebenberg, Alfred Li, Brandon R Macias, Alan R Hargens, Jeffrey C Lotz",2015 Aug 31
"Jamila H Siamwala, Brandon R Macias, Robert Healey, Brett Bennett, Alan R Hargens",2022 May 13
"Camille F Abshire, Kanchanjunga Prasai, Israel Soto, Runhua Shi, Monica Concha, Melody Baddoo, Erik K Flemington, Don G Ennis, Rona S Scott, Lynn Harrison",2016 Dec 1
"Susan P John, Karl H Hasenstein",2011 Sep 1
"Tripti Gour, Anukriti Sharma, Ratan Lal, Monika Heikrujam, Anshul Gupta, Lokesh Kumar Agarwal, Siva PK Chetri, Rajesh Kumar, Kuldeep Sharma",2023 Mar 8
"Susan P John, Karl H Hasenstein",2020 Nov 30
"Chitra Ajala, Karl H Hasenstein",2022 Apr 28
"K H Hasenstein, M R Park, S P John, C Ajala",2022 Oct 29
"Elizabeth L Kordyum, Olga A Artemenko, Karl H Hasenstein",2022 Nov 7
"Grigory Maksaev, Elizabeth S Haswell",2012 Oct 29
"Rose Z Hill, Benjamin U Hoffman, Takeshi Morita, Stephanie M Campos, Ellen A Lumpkin, Rachel B Brem, Diana M Bautista",2018 Mar 21
"Grigory Maksaev, Elizabeth S Haswell",2015
"Elizabeth S Haswell, Paul E Verslues",2015 May
"Margaret E Wilson, Matthew Mixdorf, R Howard Berg, Elizabeth S Haswell",2016 Sep 15
"David R Sultemeier, Kristel R Choy, Felix E Schweizer, Larry F Hoffman",2017 Feb 22
"Carlos Luna, Alvin G Yew, Adam H Hsieh",2015 Jul 30
"Millie Hughes-Fulford, Chai-Fei Li",2011 Feb 9
"June M Chan, Vivian Weinberg, Mark J Magbanua, Eduardo Sosa, Jeffry Simko, Katsuto Shinohara, Scot Federman, Mike Mattie, Millie Hughes-Fulford, Christopher Haqq, Peter R Carroll",2010 Nov 20
Millie Hughes-Fulford,2011 Sep
"Ming-Yan Wang, Meng-Xu Yi, Xing-Yu Mo, Shan-Jie Wei, Yu Qiao, Zheng Zhang, Zhao-Liang Su, Hong-Yan Lu",2024 Sep 24
"S Marlene Grenon, Marion Jeanne, Jesus Aguado-Zuniga, Michael S Conte, Millie Hughes-Fulford",2013 Mar 20
"Joel L Ramirez, Warren J Gasper, Sukaynah A Khetani, Greg J Zahner, Nancy K Hills, Pete T Mitchell, Brian E Sansbury, Michael S Conte, Matthew Spite, S Marlene Grenon",2019 Feb 13
"Tammy T Chang, Millie Hughes-Fulford",2013 Dec 12
"Millie Hughes-Fulford, Tammy T Chang, Emily M Martinez, Chai-Fei Li",2015 Aug 14
"Tammy T Chang, Sandra M Spurlock, Tara Lynne T Candelario, S Marlene Grenon, Millie Hughes-Fulford",2015 Jun 17
Donald E Ingber,2010 Mar
"Aram Avila-Herrera, James Thissen, Camilla Urbaniak, Nicholas A Be, David J Smith, Fathi Karouia, Satish Mehta, Kasthuri Venkateswaran, Crystal Jaing",2020 Apr 29
"Crystal Jaing, James Thissen, Michael Morrison, Michael B Dillon, Samantha M Waters, Garrett T Graham, Nicholas A Be, Patrick Nicoll, Sonali Verma, Tristan Caro, David J Smith",2020 Jul 24
"Anna C Simpson, Camilla Urbaniak, John R Bateh, Nitin K Singh, Jason M Wood, Marilyne Debieu, Niamh B O’Hara, Jos Houbraken, Christopher E Mason, Kasthuri Venkateswaran",2021 Sep 16
"Camilla Urbaniak, Michael D Morrison, James B Thissen, Fathi Karouia, David J Smith, Satish Mehta, Crystal Jaing, Kasthuri Venkateswaran",2022 Jun 29
"Vidya Manian, Jairo Orozco-Sandoval, Victor Diaz-Martinez, Heeralal Janwa, Carlos Agrinsoni",2022 Mar 8
"Nailil Husna, Tatsuya Aiba, Shin-Ichiro Fujita, Yoshika Saito, Dai Shiba, Takashi Kudo, Satoru Takahashi, Satoshi Furukawa, Masafumi Muratani",2024 Jun 11
"Shikha Gupta, Sarah L Manske, Stefan Judex",2012 Apr 23
"Ian J Wallace, Shikha Gupta, Jeyantt Sankaran, Brigitte Demes, Stefan Judex",2015 Feb 2
"Ian J Wallace, Gabriel M Pagnotti, Jasper Rubin-Sigler, Matthew Naeher, Lynn E Copes, Stefan Judex, Clinton T Rubin, Brigitte Demes",2015 Oct
"Suphannee Pongkitwitoon, Gunes Uzer, Janet Rubin, Stefan Judex",2016 Oct 6
"S Judex, W Zhang, LR Donahue, E Ozcivici",2016 Sep
"Pamela Cabahug-Zuckerman, Dorra Frikha-Benayed, Robert J Majeska, Alyssa Tuthill, Shoshana Yakar, Stefan Judex, Mitchell B Schaffler",2016 Mar 22
"Cassandra M Juran, Justina Zvirblyte, Eduardo AC Almeida",2022 Jul 6
"Emily E Rosowski, Nicholas Raffa, Benjamin P Knox, Netta Golenberg, Nancy P Keller, Anna Huttenlocher",2018 Aug 2
"Adriana Blachowicz, Nicholas Raffa, Jin Woo Bok, Tsokyi Choera, Benjamin Knox, Fang Yun Lim, Anna Huttenlocher, Clay C C Wang, Kasthuri Venkateswaran, Nancy P Keller",2020 Feb 18
"Kurt Kleinhesselink, Corinna Conway, David Sholer, Irvin Huang, Deborah A Kimbrell",2011 Jan 30
"Joshua P Vandenbrink, Raul Herranz, F Javier Medina, Richard E Edelmann, John Z Kiss",2016 Aug 9
"Aránzazu Manzano, Eugénie Carnero-Diaz, Raúl Herranz, F Javier Medina",2022 Jun 30
"Joshua P Vandenbrink, Raul Herranz, F Javier Medina, Richard E Edelmann, John Z Kiss",2016 Aug 9
"Joshua P Vandenbrink, John Z Kiss, Raul Herranz, F Javier Medina",2014 Oct 28
"Joshua P Vandenbrink, Raul Herranz, F Javier Medina, Richard E Edelmann, John Z Kiss",2016 Aug 9
"Christina M Johnson, Aswati Subramanian, Sivakumar Pattathil, Melanie J Correll, John Z Kiss",2017 Aug
"Raúl Herranz, Joshua P Vandenbrink, Alicia Villacampa, Aránzazu Manzano, William L Poehlman, Frank Alex Feltus, John Z Kiss, Francisco Javier Medina",2019 Nov 26
"John Z Kiss, Chris Wolverton, Sarah E Wyatt, Karl H Hasenstein, Jack JWA van Loon",2019 Dec 6
"Aránzazu Manzano, Alicia Villacampa, Julio Sáez-Vásquez, John Z Kiss, F Javier Medina, Raúl Herranz",2020 Oct 15
"Leone Ermes Romano, Jack J W A van Loon, Luigi Gennaro Izzo, Maurizio Iovane, Giovanna Aronne",2024 Jan 3
"Francisco-Javier Medina, Aránzazu Manzano, Raúl Herranz, John Z Kiss",2022 Sep 24
"John M Lawler, Mary Kunst, Jeff M Hord, Yang Lee, Kumar Joshi, Rachel E Botchlett, Angelo Ramirez, Daniel A Martinez",2014 Jan 29
"Hyo-Bum Kwak, Yang Lee, Jong-Hee Kim, Holly Van Remmen, Arlan G Richardson, John M Lawler",2014 Jul 11
"Jong-Hee Kim, Yang Lee, Hyo-Bum Kwak, John M Lawler",2015 Jun 6
"Jeffrey M Hord, Rachel Botchlett, John M Lawler",2016 Aug 14
"Lauren T Wesolowski, Jessica L Simons, Pier L Semanchik, Mariam A Othman, Joo-Hyun Kim, John M Lawler, Khaled Y Kamal, Sarah H White-Springer",2023 Jul 6
"Khaled Y Kamal, Mariam Atef Othman, Joo-Hyun Kim, John M Lawler",2024 Jun 11
"Hang Ngoc Nguyen, G Marie Sharp, Sarah Stahl-Rommel, Yo-Ann Velez Justiniano, Christian L Castro, Mayra Nelman-Gonzalez, Aubrie O’Rourke, Michael D Lee, Jill Williamson, Chelsea McCool, Brian Crucian, Kenneth W Clark, Miten Jain, Sarah L Castro-Wallace",2023 Mar 2
"Rocky An, Jessica Audrey Lee",2022 Apr 29
"Oscar Monje, Jeffrey T Richards, John A Carver, Dinah I Dimapilis, Howard G Levine, Nicole F Dufour, Bryan G Onate",2020 Jun 18
"Kye-Won Kim, Clyde A Smith, Michael D Daily, John R Cort, Laurence B Davin, Norman G Lewis",2014 Nov 19
"Ricarda Höhner, Joaquim V Marques, Tetsuro Ito, Yoshiaki Amakura, Alan D Budgeon, Jr, Karl Weitz, Kim K Hixson, Laurence B Davin, Helmut Kirchhoff, Norman G Lewis",2018 Mar 9
"Kim K Hixson, Joaquim V Marques, Jason P Wendler, Jason E McDermott, Karl K Weitz, Therese R Clauss, Matthew E Monroe, Ronald J Moore, Joseph Brown, Mary S Lipton, Callum J Bell, Ljiljana Paša-Tolić, Laurence B Davin, Norman G Lewis",2021 May 25
"Bertrand P Tseng, Erich Giedzinski, Atefeh Izadi, Tatiana Suarez, Mary L Lan, Katherine K Tran, Munjal M Acharya, Gregory A Nelson, Jacob Raber, Vipan K Parihar, Charles L Limoli",2014 Mar 20
Lorenzo Piemonti,2025 Apr 1
"Vidya Manian, Jairo Orozco, Harshini Gangapuram, Heeralal Janwa, Carlos Agrinsoni",2021 Feb 25
"Vidya Manian, Jairo Orozco-Sandoval, Victor Diaz-Martinez",2021 Jun 19
"Sarah E Latchney, Phillip D Rivera, Xiao W Mao, Virginia L Ferguson, Ted A Bateman, Louis S Stodieck, Gregory A Nelson, Amelia J Eisch",2014 Apr 17
"John W Seawright, Yusra Samman, Vijayalakshmi Sridharan, Xiao Wen Mao, Maohua Cao, Preeti Singh, Stepan Melnyk, Igor Koturbash, Gregory A Nelson, Martin Hauer-Jensen, Marjan Boerma",2017 Jul 5
"Xiao W Mao, Nina C Nishiyama, Stephanie D Byrum, Seta Stanbouly, Tamako Jones, Alyson Drew, Vijayalakshmi Sridharan, Marjan Boerma, Alan J Tackett, David Zawieja, Jeffrey S Willey, Michael Delp, Michael J Pecaut",2019 Jun 3
"Eliah G Overbey, Amber M Paul, Willian A da Silveira, Candice GT Tahimic, Sigrid S Reinsch, Nathaniel Szewczyk, Seta Stanbouly, Charles Wang, Jonathan M Galazka, Xiao Wen Mao",2019 Aug 22
"Eliah G Overbey, Willian Abraham da Silveira, Seta Stanbouly, Nina C Nishiyama, Gina D Roque-Torres, Michael J Pecaut, David Carl Zawieja, Charles Wang, Jeffrey S Willey, Michael D Delp, Gary Hardiman, Xiao Wen Mao",2019 Sep 16
"Xiao-Wen Mao, Seta Stanbouly, Tamako Jones, Gregory Nelson",2021 Aug 19
"Jacob M Holley, Seta Stanbouly, Michael J Pecaut, Jeffrey S Willey, Michael Delp, Xiao Wen Mao",2022 Aug 10
"Prachi Kothiyal, Greg Eley, Hari Ilangovan, Katherine A Hoadley, S Robin Elgart, Xiao W Mao, Parastou Eslami",2022 Oct 7
"Xiaowen Mao, Seta Stanbouly, Jacob Holley, Michael Pecaut, James Crapo",2023 Apr 17
"Bernhard M Weber, Michael Panzirsch, Benedikt Pleintinger, Martin Stelzer, Stella Arand, Christian Schöttler, Ralph Bayer, Annette Hagengruber, Uwe Proske",2025 Apr 25
"Henry Cope, Craig RG Willis, Matthew J MacKay, Lindsay A Rutter, Li Shean Toh, Philip M Williams, Raúl Herranz, Joseph Borg, Daniela Bezdan, Stefania Giacomello, Masafumi Muratani, Christopher E Mason, Timothy Etheridge, Nathaniel J Szewczyk",2022 Jul 30
"Jiwoon Park, Junbum Kim, Tyler Lewy, Charles M Rice, Olivier Elemento, André F Rendeiro, Christopher E Mason",2022 Dec 13
"Patrick Leo, Marcus de Melo Texeira, Atul M Chander, Nitin K Singh, Anna C Simpson, Andrey Yurkov, Fathi Karouia, Jason E Stajich, Christopher E Mason, Kasthuri Venkateswaran",2023 Aug 11
"J Sebastian Garcia-Medina, Karolina Sienkiewicz, S Anand Narayanan, Eliah G Overbey, Kirill Grigorev, Krista A Ryon, Marissa Burke, Jacqueline Proszynski, Braden Tierney, Caleb M Schmidt, Nuria Mencia-Trinchant, Remi Klotz, Veronica Ortiz, Jonathan Foox, Christopher Chin, Deena Najjar, Irina Matei, Irenaeus Chan, Carlos Cruchaga, Ashley Kleinman, JangKeun Kim, Alexander Lucaci, Conor Loy, Omary Mzava, Iwijn De Vlaminck, Anvita Singaraju, Lynn E Taylor, Julian C Schmidt, Michael A Schmidt, Kelly Blease, Juan Moreno, Andrew Boddicker, Junhua Zhao, Bryan Lajoie, Andrew Altomare, Semyon Kruglyak, Shawn Levy, Min Yu, Duane C Hassane, Susan M Bailey, Kelly Bolton, Jaime Mateus, Christopher E Mason",2024 Apr 8
"Lauren M Sanders, Kirill A Grigorev, Ryan T Scott, Amanda M Saravia-Butler, San-huei Lai Polo, Rachel Gilbert, Eliah G Overbey, JangKeun Kim, Christopher E Mason, Sylvain V Costes",2024 May 14
"Christopher W Jones, Eliah G Overbey, Jerome Lacombe, Adrian J Ecker, Cem Meydan, Krista Ryon, Braden Tierney, Namita Damle, Matthew MacKay, Evan E Afshin, Jonathan Foox, Jiwoon Park, Theodore M Nelson, Mir Suhail Mohamad, Syed Gufran Ahmad Byhaqui, Burhan Aslam, Ummer Akbar Tali, Liaqun Nisa, Priya V Menon, Chintan O Patel, Sharib A Khan, Doug J Ebert, Aaron Everson, Michael C Schubert, Nabila N Ali, Mallika S Sarma, JangKeun Kim, Nadia Houerbi, Kirill Grigorev, J Sebastian Garcia Medina, Alexander J Summers, Jian Gu, John A Altin, Ali Fattahi, Mohammad I Hirzallah, Jimmy H Wu, Alexander C Stahn, Afshin Beheshti, Remi Klotz, Veronica Ortiz, Min Yu, Laura Patras, Irina Matei, David Lyden, Ari Melnick, Neil Banerjee, Sean Mullane, Ashley S Kleinman, Michael Loesche, Anil S Menon, Dorit B Donoviel, Emmanuel Urquieta, Jaime Mateus, Ashot E Sargsyan, Mark Shelhamer, Frederic Zenhausern, Eric M Bershad, Mathias Basner, Christopher E Mason",2024 Jun 11
"Taghreed M Al-Turki, David G Maranon, Christopher B Nelson, Aidan M Lewis, Jared J Luxton, Lynn E Taylor, Noelia Altina, Fei Wu, Huixun Du, JangKeun Kim, Namita Damle, Eliah Overbey, Cem Meydan, Kirill Grigorev, Daniel A Winer, David Furman, Christopher E Mason, Susan M Bailey",2024 Jun 11
"Jiwoon Park, Eliah G Overbey, S Anand Narayanan, JangKeun Kim, Braden T Tierney, Namita Damle, Deena Najjar, Krista A Ryon, Jacqueline Proszynski, Ashley Kleinman, Jeremy Wain Hirschberg, Matthew MacKay, Evan E Afshin, Richard Granstein, Justin Gurvitch, Briana M Hudson, Aric Rininger, Sean Mullane, Sarah E Church, Cem Meydan, George Church, Afshin Beheshti, Jaime Mateus, Christopher E Mason",2024 Jun 11
"Braden T Tierney, JangKeun Kim, Eliah G Overbey, Krista A Ryon, Jonathan Foox, Maria A Sierra, Chandrima Bhattacharya, Namita Damle, Deena Najjar, Jiwoon Park, J Sebastian Garcia Medina, Nadia Houerbi, Cem Meydan, Jeremy Wain Hirschberg, Jake Qiu, Ashley S Kleinman, Gabriel A Al-Ghalith, Matthew MacKay, Evan E Afshin, Raja Dhir, Joseph Borg, Christine Gatt, Nicholas Brereton, Benjamin P Readhead, Semir Beyaz, Kasthuri J Venkateswaran, Kelly Wiseman, Juan Moreno, Andrew M Boddicker, Junhua Zhao, Bryan R Lajoie, Ryan T Scott, Andrew Altomare, Semyon Kruglyak, Shawn Levy, George M Church, Christopher E Mason",2024 Jun 11
"Josef Borg, Conor Loy, JangKeun Kim, Alfred Buhagiar, Christopher Chin, Namita Damle, Iwijn De Vlaminck, Alex Felice, Tammy Liu, Irina Matei, Cem Meydan, Masafumi Muratani, Omary Mzava, Eliah Overbey, Krista A Ryon, Scott M Smith, Braden T Tierney, Guy Trudel, Sara R Zwart, Afshin Beheshti, Christopher E Mason, Joseph Borg",2024 Jun 11
"JangKeun Kim, Braden T Tierney, Eliah G Overbey, Ezequiel Dantas, Matias Fuentealba, Jiwoon Park, S Anand Narayanan, Fei Wu, Deena Najjar, Christopher R Chin, Cem Meydan, Conor Loy, Begum Mathyk, Remi Klotz, Veronica Ortiz, Khiem Nguyen, Krista A Ryon, Namita Damle, Nadia Houerbi, Laura I Patras, Nathan Schanzer, Gwyneth A Hutchinson, Jonathan Foox, Chandrima Bhattacharya, Matthew Mackay, Evan E Afshin, Jeremy Wain Hirschberg, Ashley S Kleinman, Julian C Schmidt, Caleb M Schmidt, Michael A Schmidt, Afshin Beheshti, Irina Matei, David Lyden, Sean Mullane, Amran Asadi, Joan S Lenz, Omary Mzava, Min Yu, Saravanan Ganesan, Iwijn De Vlaminck, Ari M Melnick, Darko Barisic, Daniel A Winer, Sara R Zwart, Brian E Crucian, Scott M Smith, Jaime Mateus, David Furman, Christopher E Mason",2024 Jun 11
"Fei Wu, Huixun Du, Eliah Overbey, JangKeun Kim, Priya Makhijani, Nicolas Martin, Chad A Lerner, Khiem Nguyen, Jordan Baechle, Taylor R Valentino, Matias Fuentealba, Juliet M Bartleson, Heather Halaweh, Shawn Winer, Cem Meydan, Francine Garrett-Bakelman, Nazish Sayed, Simon Melov, Masafumi Muratani, Akos A Gerencser, Herbert G Kasler, Afshin Beheshti, Christopher E Mason, David Furman, Daniel A Winer",2024 Jun 11
"Eliah G Overbey, JangKeun Kim, Braden T Tierney, Jiwoon Park, Nadia Houerbi, Alexander G Lucaci, Sebastian Garcia Medina, Namita Damle, Deena Najjar, Kirill Grigorev, Evan E Afshin, Krista A Ryon, Karolina Sienkiewicz, Laura Patras, Remi Klotz, Veronica Ortiz, Matthew MacKay, Annalise Schweickart, Christopher R Chin, Maria A Sierra, Matias F Valenzuela, Ezequiel Dantas, Theodore M Nelson, Egle Cekanaviciute, Gabriel Deards, Jonathan Foox, S Anand Narayanan, Caleb M Schmidt, Michael A Schmidt, Julian C Schmidt, Sean Mullane, Seth Stravers Tigchelaar, Steven Levitte, Craig Westover, Chandrima Bhattacharya, Serena Lucotti, Jeremy Wain Hirschberg, Jacqueline Proszynski, Marissa Burke, Ashley S Kleinman, Daniel J Butler, Conor Loy, Omary Mzava, Joan Lenz, Doru Paul, Christopher Mozsary, Lauren M Sanders, Lynn E Taylor, Chintan O Patel, Sharib A Khan, Mir Suhail Mohamad, Syed Gufran Ahmad Byhaqui, Burhan Aslam, Aaron S Gajadhar, Lucy Williamson, Purvi Tandel, Qiu Yang, Jessica Chu, Ryan W Benz, Asim Siddiqui, Daniel Hornburg, Kelly Blease, Juan Moreno, Andrew Boddicker, Junhua Zhao, Bryan Lajoie, Ryan T Scott, Rachel R Gilbert, San-huei Lai Polo, Andrew Altomare, Semyon Kruglyak, Shawn Levy, Ishara Ariyapala, Joanne Beer, Bingqing Zhang, Briana M Hudson, Aric Rininger, Sarah E Church, Afshin Beheshti, George M Church, Scott M Smith, Brian E Crucian, Sara R Zwart, Irina Matei, David C Lyden, Francine Garrett-Bakelman, Jan Krumsiek, Qiuying Chen, Dawson Miller, Joe Shuga, Stephen Williams, Corey Nemec, Guy Trudel, Martin Pelchat, Odette Laneuville, Iwijn De Vlaminck, Steven Gross, Kelly L Bolton, Susan M Bailey, Richard Granstein",2024 Jun 11
"Nadia Houerbi, JangKeun Kim, Eliah G Overbey, Richa Batra, Annalise Schweickart, Laura Patras, Serena Lucotti, Krista A Ryon, Deena Najjar, Cem Meydan, Namita Damle, Christopher Chin, S Anand Narayanan, Joseph W Guarnieri, Gabrielle Widjaja, Afshin Beheshti, Gabriel Tobias, Fanny Vatter, Jeremy Wain Hirschberg, Ashley Kleinman, Evan E Afshin, Matthew MacKay, Qiuying Chen, Dawson Miller, Aaron S Gajadhar, Lucy Williamson, Purvi Tandel, Qiu Yang, Jessica Chu, Ryan Benz, Asim Siddiqui, Daniel Hornburg, Steven Gross, Bader Shirah, Jan Krumsiek, Jaime Mateus, Xiao Mao, Irina Matei, Christopher E Mason",2024 Jun 11
"Lindsay A Rutter, Henry Cope, Matthew J MacKay, Raúl Herranz, Saswati Das, Sergey A Ponomarev, Sylvain V Costes, Amber M Paul, Richard Barker, Deanne M Taylor, Daniela Bezdan, Nathaniel J Szewczyk, Masafumi Muratani, Christopher E Mason, Stefania Giacomello",2024 Jun 11
"Henry Cope, Jonas Elsborg, Samuel Demharter, J Tyson McDonald, Chiara Wernecke, Hari Parthasarathy, Hriday Unadkat, Mira Chatrathi, Jennifer Claudio, Sigrid Reinsch, Pinar Avci, Sara R Zwart, Scott M Smith, Martina Heer, Masafumi Muratani, Cem Meydan, Eliah Overbey, Jangkeun Kim, Christopher R Chin, Jiwoon Park, Jonathan C Schisler, Christopher E Mason, Nathaniel J Szewczyk, Craig R G Willis, Amr Salam, Afshin Beheshti",2024 Jun 11
"Keith Siew, Kevin A Nestler, Charlotte Nelson, Viola D’Ambrosio, Chutong Zhong, Zhongwang Li, Alessandra Grillo, Elizabeth R Wan, Vaksha Patel, Eliah Overbey, JangKeun Kim, Sanghee Yun, Michael B Vaughan, Chris Cheshire, Laura Cubitt, Jessica Broni-Tabi, Maneera Yousef Al-Jaber, Valery Boyko, Cem Meydan, Peter Barker, Shehbeel Arif, Fatemeh Afsari, Noah Allen, Mohammed Al-Maadheed, Selin Altinok, Nourdine Bah, Samuel Border, Amanda L Brown, Keith Burling, Margareth Cheng-Campbell, Lorianna M Colón, Lovorka Degoricija, Nichola Figg, Rebecca Finch, Jonathan Foox, Pouya Faridi, Alison French, Samrawit Gebre, Peter Gordon, Nadia Houerbi, Hossein Valipour Kahrood, Frederico C Kiffer, Aleksandra S Klosinska, Angela Kubik, Han-Chung Lee, Yinghui Li, Nicholas Lucarelli, Anthony L Marullo, Irina Matei, Colleen M McCann, Sayat Mimar, Ahmed Naglah, Jérôme Nicod, Kevin M O’Shaughnessy, Lorraine Christine De Oliveira, Leah Oswalt, Laura Ioana Patras, San-huei Lai Polo, María Rodríguez-Lopez, Candice Roufosse, Omid Sadeghi-Alavijeh, Rebekah Sanchez-Hodge, Anindya S Paul, Ralf Bernd Schittenhelm, Annalise Schweickart, Ryan T Scott, Terry Chin Choy Lim Kam Sian, Willian A da Silveira, Hubert Slawinski, Daniel Snell, Julio Sosa, Amanda M Saravia-Butler, Marshall Tabetah, Erwin Tanuwidjaya, Simon Walker-Samuel, Xiaoping Yang, Yasmin, Haijian Zhang, Jasminka Godovac-Zimmermann, Pinaki Sarder, Lauren M Sanders, Sylvain V Costes, Robert A A Campbell, Fathi Karouia, Vidya Mohamed-Alis, Samuel Rodriques, Steven Lynham, Joel Ricky Steele, Sergio Baranzini, Hossein Fazelinia, Zhongquan Dai, Akira Uruno, Dai Shiba, Masayuki Yamamoto, Eduardo ACAlmeida, Elizabeth Blaber, Jonathan C Schisler, Amelia J Eisch, Masafumi Muratani, Sara R Zwart",2024 Jun 11
"Begum Aydogan Mathyk, Marshall Tabetah, Rashid Karim, Victoria Zaksas, JangKeun Kim, R I Anu, Masafumi Muratani, Alexia Tasoula, Ruth Subhash Singh, Yen-Kai Chen, Eliah Overbey, Jiwoon Park, Henry Cope, Hossein Fazelinia, Davide Povero, Joseph Borg, Remi V Klotz, Min Yu, Steven L Young, Christopher E Mason, Nathaniel Szewczyk, Riley M St Clair, Fathi Karouia, Afshin Beheshti",2024 Jun 11
"Lindsay A Rutter, Matthew J MacKay, Henry Cope, Nathaniel J Szewczyk, JangKeun Kim, Eliah Overbey, Braden T Tierney, Masafumi Muratani, Ben Lamm, Daniela Bezdan, Amber M Paul, Michael A Schmidt, George M Church, Stefania Giacomello, Christopher E Mason",2024 Jul 22
"Giada Corti, JangKeun Kim, Francisco J Enguita, Joseph W Guarnieri, Lawrence I Grossman, Sylvain V Costes, Matias Fuentealba, Ryan T Scott, Andrea Magrini, Lauren M Sanders, Kanhaiya Singh, Chandan K Sen, Cassandra M Juran, Amber M Paul, David Furman, Jean Calleja-Agius, Christopher E Mason, Diego Galeano, Massimo Bottini, Afshin Beheshti",2024 Oct 16
"Tatiana S Aniskina, Kirill A Sudarikov, Margarita A Levinskikh, Alexander A Gulevich, Ekaterina N Baranova",2023 Dec 25
"Christina L M Khodadad, Mary E Hummerick, LaShelle E Spencer, Anirudha R Dixit, Jeffrey T Richards, Matthew W Romeyn, Trent M Smith, Raymond M Wheeler, Gioia D Massa",2020 Mar 6
"Allison K Strohm, Laura M Vaughn, Patrick H Masson",2014 Nov 16
"VL Lozano, CE Miranda, AL Vinocur, C González, F Unrein, MJ Wolansky, HN Pizarro",2019 Aug 20
"Han-Qing Wang, Xing-Yu Zhao, Zhong Tang, Xin-Yuan Huang, Peng Wang, Wenhua Zhang, Yunhui Zhang, Sheng Luan, Fang-Jie Zhao",2025 Apr 19
"Nicole M Gibbs, Shih‐Heng Su, Samuel Lopez‐Nieves, Stéphane Mann, Claude Alban, Hiroshi A Maeda, Patrick H Masson",2021 Aug 12
"Shih-Heng Su, Alexander Moen, Rien M Groskopf, Katherine L Baldwin, Brian Vesperman, Patrick H Masson",2023 Jan 12
"Michael R Benoit, Carolyn G Conant, Cristian Ionescu-Zanetti, Michael Schwartz, A Matin",2010 Apr 30
"Jing-Hung Wang, Rachna Singh, Michael Benoit, Mimi Keyhan, Matthew Sylvester, Michael Hsieh, Anuradha Thathireddy, Yi-Ju Hsieh, A C Matin",2014 Oct
"Mackenzie L Hagan, Vanshika Balayan, Meghan E McGee-Lawrence",2021 Apr 21
"Arthur R Hand, Didem Dagdeviren, Natasha A Larson, Christopher Haxhi, Maija I Mednieks",2019 Nov 18
"Arthur R Hand, Didem Dagdeviren, Natasha A Larson, Christopher Haxhi, Maija I Mednieks",2019 Nov 18
"Didem Dagdeviren, John Beallias, Izaz Khan, Maija I Mednieks, Arthur R Hand",2018 Jul 9
"Takehito Ouchi, Kyosuke Kono, Ryouichi Satou, Ryuya Kurashima, Koji Yamaguchi, Maki Kimura, Yoshiyuki Shibukawa",2024 Jun 26
"Satish K Mehta, David C Bloom, Ianik Plante, Raymond Stowe, Alan H Feiveson, Ashlie Renner, Adit Dhummakupt, Dhruv Markan, Ye Zhang, Honglu Wu, Blaire Scoles, Jeffrey I Cohen, Brian Crucian, Duane L Pierson",2018 Sep 28
"Camilla Urbaniak, Hernan Lorenzi, James Thissen, Crystal Jaing, Brian Crucian, Clarence Sams, Duane Pierson, Kasthuri Venkateswaran, Satish Mehta",2020 Apr 20
"Nelson BC Serre, Daša Wernerová, Pruthvi Vittal, Shiv Mani Dubey, Eva Medvecká, Adriana Jelínková, Jan Petrášek, Guido Grossmann, Matyáš Fendrych",2023 Jul 14
"Elisia D Tichy, Foteini Mourkioti",2021 Sep 14
"Elisia D Tichy, Nuoying Ma, David Sidibe, Emanuele Loro, Jacob Kocan, Delia Z Chen, Tejvir S Khurana, Paul Hasty, Foteini Mourkioti",2021 May 11
"Nuoying Ma, Delia Chen, Ji-Hyung Lee, Paola Kuri, Edward Blake Hernandez, Jacob Kocan, Hamd Mahmood, Elisia D Tichy, Panteleimon Rompolas, Foteini Mourkioti",2022 Mar 18
"Elisia D Tichy, Ji-Hyung Lee, Grant Li, Katrina N Estep, F Brad Johnson, Foteini Mourkioti",2023 Sep 15
"Justin M Watkins, Paul J Hechler, Gloria K Muday",2014 Mar 4
"Suzanne Gerttula, Matthew Zinkgraf, Gloria K Muday, Daniel R Lewis, Farid M Ibatullin, Harry Brumer, Foster Hart, Shawn D Mansfield, Vladimir Filkov, Andrew Groover",2015 Sep 28
"Xiaohui Li, Peipei Zhu, Yen-Ju Chen, Lei Huang, Diwen Wang, David T Newton, Chuan-Chih Hsu, Guang Lin, W Andy Tao, Christopher J Staiger, Chunhua Zhang",2023 May 31
"Carole L Gibson, Jonathan W Isley, Tanya G Falbel, Cassie T Mattox, Daniel R Lewis, Kasee E Metcalf, Gloria K Muday",2020 Jul 7
"David A Jamison, Jr, S Anand Narayanan, Nídia S Trovão, Joseph W Guarnieri, Michael J Topper, Pedro M Moraes-Vieira, Viktorija Zaksas, Keshav K Singh, Eve Syrkin Wurtele, Afshin Beheshti",2022 May 16
"Srujana Neelam, Brian Richardson, Richard Barker, Ceasar Udave, Simon Gilroy, Mark J Cameron, Howard G Levine, Ye Zhang",2020 Sep 15
"Wayne L Nicholson, Kirill Krivushin, David Gilichinsky, Andrew C Schuerger",2012 Dec 24
"Michael T Leonard, Nedka Panayotova, William G Farmerie, Eric W Triplett, Wayne L Nicholson",2013 Nov 27
"Samantha M Waters, José A Robles-Martínez, Wayne L Nicholson",2014 Aug
"Ralf Moeller, Marina Raguse, Günther Reitz, Ryuichi Okayasu, Zuofeng Li, Stuart Klein, Peter Setlow, Wayne L Nicholson",2014 Jan
"Patricia Fajardo-Cavazos, Wayne L Nicholson",2016 Jun 28
"Enrique Hurtado-Bautista, Africa Islas-Robles, Gabriel Moreno-Hagelsieb, Gabriela Olmedo-Alvarez",2024 Dec 23
"Michael D Morrison, Patricia Fajardo-Cavazos, Wayne L Nicholson",2017 Oct 17
"Patricia Fajardo-Cavazos, Joshua D Leehan, Wayne L Nicholson",2018 Feb 14
"Patricia Fajardo-Cavazos, Wayne L Nicholson",2021 Jan 7
"Joss D Leehan, Wayne L Nicholson",2022 Mar 8
"Andrea L Radtke, James W Wilson, Shameema Sarker, Cheryl A Nickerson",2010 Dec 29
"Robert Jackson, Jason Maarsingh, Melissa M Herbst-Kralovetz, Koenraad Van Doorslaer",2020 Dec
"Sarah L Castro, Mayra Nelman-Gonzalez, Cheryl A Nickerson, C Mark Ott",2011 Sep
"Matthew E Jennings, Laura N Quick, Anjali Soni, Richard R Davis, Kathleen Crosby, C Mark Ott, Cheryl A Nickerson, James W Wilson",2011 May
"Cheryl A Nickerson, C Mark Ott, Sarah L Castro, Veronica M Garcia, Thomas C Molina, Jeffrey T Briggler, Amber L Pitt, Joseph J Tavano, J Kelly Byram, Jennifer Barrila, Max A Nickerson",2011 Dec 19
"Aurélie Crabbé, Michael J Schurr, Pieter Monsieurs, Lisa Morici, Jill Schurr, James W Wilson, C Mark Ott, George Tsaprailis, Duane L Pierson, Heidi Stefanyshyn-Piper, Cheryl A Nickerson",2010 Dec 17
"Melha Mellata, Jacob T Maddux, Timothy Nam, Nicholas Thomson, Heidi Hauser, Mark P Stevens, Suman Mukhopadhyay, Shameema Sarker, Aurélie Crabbé, Cheryl A Nickerson, Javier Santander, Roy Curtiss, III",2012 Jan 4
"Melissa M Herbst-Kralovetz, Andrea L Radtke, Margarita K Lay, Brooke E Hjelm, Alice N Bolick, Shameema S Sarker, Robert L Atmar, David H Kingsley, Charles J Arntzen, Mary K Estes, Cheryl A Nickerson",2013 Mar
"Anjali Soni, Laura O’Sullivan, Laura N Quick, C Mark Ott, Cheryl A Nickerson, James W Wilson",2014 Jun 13
"Aurélie Crabbé, Maria A Ledesma, Cheryl A Nickerson",2014 May 23
"Jodi D Stookey, Prasanna KR Allu, Dorothee Chabas, David Pearce, Florian Lang",2020 Sep 2
"Aurélie Crabbé, Yulong Liu, Shameema F Sarker, Nicholas R Bonenfant, Jennifer Barrila, Zachary D Borg, James J Lee, Daniel J Weiss, Cheryl A Nickerson",2015 May 11
"Jennifer Barrila, Jiseon Yang, Aurélie Crabbé, Shameema F Sarker, Yulong Liu, C Mark Ott, Mayra A Nelman-Gonzalez, Simon J Clemett, Seth D Nydam, Rebecca J Forsyth, Richard R Davis, Brian E Crucian, Heather Quiriarte, Kenneth L Roland, Karen Brenneman, Clarence Sams, Christine Loscher, Cheryl A Nickerson",2017 Feb 28
"Jennifer Barrila, Aurélie Crabbé, Jiseon Yang, Karla Franco, Seth D Nydam, Rebecca J Forsyth, Richard R Davis, Sandhya Gangaraju, C Mark Ott, Carolyn B Coyne, Mina J Bissell, Cheryl A Nickerson",2018 Oct 25
"Jennifer Barrila, Shameema F Sarker, Nicole Hansmeier, Shanshan Yang, Kristina Buss, Natalia Briones, Jin Park, Richard R Davis, Rebecca J Forsyth, C Mark Ott, Kevin Sato, Cristine Kosnik, Anthony Yang, Cheryl Shimoda, Nicole Rayl, Diana Ly, Aaron Landenberger, Stephanie D Wilson, Naoko Yamazaki, Jason Steel, Camila Montano, Rolf U Halden, Tom Cannon, Sarah L Castro-Wallace, Cheryl A Nickerson",2021 Mar 9
"Andrew W Day, Jeyra Perez-Lozada, Alyssa DiLeo, Katrina Blandino, Jamie Maguire, Carol A Kumamoto",2025 Feb 25
"Aurélie Crabbé, Sheila M Nielsen-Preiss, Christine M Woolley, Jennifer Barrila, Kent Buchanan, James McCracken, Diane O Inglis, Stephen C Searles, Mayra A Nelman-Gonzalez, C Mark Ott, James W Wilson, Duane L Pierson, Heidemarie M Stefanyshyn-Piper, Linda E Hyman, Cheryl A Nickerson",2013 Dec 4
"Sheila Nielsen, Kenna White, Kyle Preiss, Dakota Peart, Kathryn Gianoulias, Rachel Juel, James Sutton, James McKinney, Jaclyn Bender, Gabrielle Pinc, Kela Bergren, Wendy Gans, Jessica Kelley, Millard McQuaid",2021 Mar 27
"Eliah G Overbey, Amanda M Saravia-Butler, Zhe Zhang, Komal S Rathi, Homer Fogle, Willian A da Silveira, Richard J Barker, Joseph J Bass, Afshin Beheshti, Daniel C Berrios, Elizabeth A Blaber, Egle Cekanaviciute, Helio A Costa, Laurence B Davin, Kathleen M Fisch, Samrawit G Gebre, Matthew Geniza, Rachel Gilbert, Simon Gilroy, Gary Hardiman, Raúl Herranz, Yared H Kidane, Colin PS Kruse, Michael D Lee, Ted Liefeld, Norman G Lewis, J Tyson McDonald, Robert Meller, Tejaswini Mishra, Imara Y Perera, Shayoni Ray, Sigrid S Reinsch, Sara Brin Rosenthal, Michael Strong, Nathaniel J Szewczyk, Candice GT Tahimic, Deanne M Taylor, Joshua P Vandenbrink, Alicia Villacampa, Silvio Weging, Chris Wolverton, Sarah E Wyatt, Luis Zea, Sylvain V Costes, Jonathan M Galazka",2021 Mar 26
"Eliah G Overbey, Saswati Das, Henry Cope, Pedro Madrigal, Zaneta Andrusivova, Solène Frapard, Rebecca Klotz, Daniela Bezdan, Anjali Gupta, Ryan T Scott, Jiwoon Park, Dawn Chirko, Jonathan M Galazka, Sylvain V Costes, Christopher E Mason, Raul Herranz, Nathaniel J Szewczyk, Joseph Borg, Stefania Giacomello",2022 Oct 31
"Kirill Grigorev, Theodore M Nelson, Eliah G Overbey, Nadia Houerbi, JangKeun Kim, Deena Najjar, Namita Damle, Evan E Afshin, Krista A Ryon, Jean Thierry-Mieg, Danielle Thierry-Mieg, Ari M Melnick, Jaime Mateus, Christopher E Mason",2024 Jun 11
"Eliah G Overbey, Krista Ryon, JangKeun Kim, Braden T Tierney, Remi Klotz, Veronica Ortiz, Sean Mullane, Julian C Schmidt, Matthew MacKay, Namita Damle, Deena Najjar, Irina Matei, Laura Patras, J Sebastian Garcia Medina, Ashley S Kleinman, Jeremy Wain Hirschberg, Jacqueline Proszynski, S Anand Narayanan, Caleb M Schmidt, Evan E Afshin, Lucinda Innes, Mateo Mejia Saldarriaga, Michael A Schmidt, Richard D Granstein, Bader Shirah, Min Yu, David Lyden, Jaime Mateus, Christopher E Mason",2024 Jun 11
"Roy Lycke, Archana Parashar, Santosh Pandey",2013 Nov 6
"Jenifer N Saldanha, Archana Parashar, Santosh Pandey, Jo Anne Powell-Coffman",2013 Jun 26
"Anne M Visscher, Anna-Lisa Paul, Matias Kirst, Charles L Guy, Andrew C Schuerger, Robert J Ferl",2010 Aug 23
"John D Mayfield, Anna-Lisa Paul, Robert J Ferl",2012 Feb 29
"Anna-Lisa Paul, Fiona C Denison, Eric R Schultz, Agata K Zupanska, Robert J Ferl",2012 Aug 20
"Yanli Wang, Tian Chen, Zhe Shi, Lijinchuan Dong, Mengting Li, Bo Peng, Qi Li, Ruile Pan, Shuiming Xiao, Qing Yang, Ning Jiang, Xinmin Liu, Qin Hu, Ying Chen",2025 Feb 24
"Gbolaga O Olanrewaju, Natasha J Haveman, Michael J Naldrett, Anna-Lisa Paul, Robert J Ferl, Sarah E Wyatt",2023 Nov 27
"Jillian Romsdahl, Adriana Blachowicz, Abby J Chiang, Nitin Singh, Jason E Stajich, Markus Kalkum, Kasthuri Venkateswaran, Clay C C Wang",2018 Sep 18
"Shih-Heng Su, Howard G Levine, Patrick H Masson",2023 Feb 23
"Eric R Schultz, Karen L Kelley, Anna-Lisa Paul, Robert J Ferl",2013 Jul 29
"Agata K Zupanska, Eric R Schultz, JiQiang Yao, Natasha J Sng, Mingqi Zhou, Jordan B Callaham, Robert J Ferl, Anna-Lisa Paul",2017 Nov 1
"Natasha J Sng, Bryan Kolaczkowski, Robert J Ferl, Anna-Lisa Paul",2018 Dec 15
"Agata K Zupanska, Collin LeFrois, Robert J Ferl, Anna-Lisa Paul",2019 Jan 17
"Amber M Paul, Siddhita D Mhatre, Egle Cekanaviciute, Ann-Sofie Schreurs, Candice G T Tahimic, Ruth K Globus, Sulekha Anand, Brian E Crucian, Sharmila Bhattacharya",2020 Nov 2
"Amber M Paul, Margareth Cheng-Campbell, Elizabeth A Blaber, Sulekha Anand, Sharmila Bhattacharya, Sara R Zwart, Brian E Crucian, Scott M Smith, Robert Meller, Peter Grabham, Afshin Beheshti",2020 Nov 25
"Amber M Paul, Eliah G Overbey, Willian A da Silveira, Nathaniel Szewczyk, Nina C Nishiyama, Michael J Pecaut, Sulekha Anand, Jonathan M Galazka, Xiao Wen Mao",2021 Jun 1
"Anna-Lisa Paul, Natasha Haveman, Brandon Califar, Robert J Ferl",2021 Sep 13
"Anna-Lisa Paul, Stephen M Elardo, Robert Ferl",2022 May 12
"Siddhita D Mhatre, Janani Iyer, Juli Petereit, Roberta M Dolling-Boreham, Anastasia Tyryshkina, Amber Paul, Rachel Gilbert, Matthew Jensen, Rebekah J Woolsey, Sulekha Anand, Marianne B Sowa, David R Quilici, Sylvain V Costes, Santhosh Girirajan, Sharmila Bhattacharya",2022 Sep 6
"Natasha J Haveman, Mingqi Zhou, Jordan Callaham, Hunter F Strickland, Donald Houze, Susan Manning-Roach, Gerard Newsham, Anna-Lisa Paul, Robert J Ferl",2022 Nov 13
"Daila S Gridley, Xiao Wen Mao, Louis S Stodieck, Virginia L Ferguson, Ted A Bateman, Maria Moldovan, Christopher E Cunningham, Tamako A Jones, Jerry M Slater, Michael J Pecaut",2013 Sep 27
"Shen-An Hwang, Brian Crucian, Clarence Sams, Jeffrey K Actor",2015 May 13
"Daila S Gridley, Michael J Pecaut",2016 Sep 30
"Michael J Pecaut, Xiao Wen Mao, Denise L Bellinger, Karen R Jonscher, Louis S Stodieck, Virginia L Ferguson, Ted A Bateman, Robert P Mohney, Daila S Gridley",2017 May 24
"Elizabeth A Blaber, Michael J Pecaut, Karen R Jonscher",2017 Sep 27
"Franco Cortese, Dmitry Klokov, Andreyan Osipov, Jakub Stefaniak, Alexey Moskalev, Jane Schastnaya, Charles Cantor, Alexander Aliper, Polina Mamoshina, Igor Ushakov, Alex Sapetsky, Quentin Vanhaelen, Irina Alchinova, Mikhail Karganov, Olga Kovalchuk, Ruth Wilkins, Andrey Shtemberg, Marjan Moreels, Sarah Baatout, Evgeny Izumchenko, João Pedro de Magalhães, Artem V Artemov, Sylvain V Costes, Afshin Beheshti, Xiao Wen Mao, Michael J Pecaut, Dmitry Kaminskiy, Ivan V Ozerov, Morten Scheibye-Knudsen, Alex Zhavoronkov",2018 Feb 12
"Xiao Wen Mao, Lawrence B Sandberg, Daila S Gridley, E Clifford Herrmann, Guangyu Zhang, Ravi Raghavan, Roman A Zubarev, Bo Zhang, Louis S Stodieck, Virginia L Ferguson, Ted A Bateman, Michael J Pecaut",2018 Dec 20
"Alicia L Veliz, Lana Mamoun, Lorelei Hughes, Richard Vega, Bailey Holmes, Andrea Monteon, Jillian Bray, Michael J Pecaut, Mary Kearns-Jonker",2023 Feb 15
"Isaac Kremsky, Samir Ali, Seta Stanbouly, Jacob Holley, Stephen Justinen, Michael Pecaut, James Crapo, Xiaowen Mao",2023 Sep 1
"Zeyu Zhang, Tongyu Fu, Cong Zhou, Fan Liu, Lingyi Zeng, Li Ren, Chaobo Tong, Lijiang Liu, Li Xu",2025 Mar 17
"Chiu-Yueh Hung, Peter Aspesi Jr, Melissa R Hunter, Aaron W Lomax, Imara Y Perera",2014 Jun 11
"James Sheppard, Eric S Land, Tiffany Aurora Toennisson, Colleen J Doherty, Imara Y Perera",2021 Sep 24
"Eric S Land, James Sheppard, Colleen J Doherty, Imara Y Perera",2024 Jan 8
"San-Huei Lai Polo, Amanda M Saravia-Butler, Valery Boyko, Marie T Dinh, Yi-Chun Chen, Homer Fogle, Sigrid S Reinsch, Shayoni Ray, Kaushik Chakravarty, Oana Marcu, Rick B Chen, Sylvain V Costes, Jonathan M Galazka",2020 Nov 25
"Pavel M Balaban, Aleksey Y Malyshev, Victor N Ierusalimsky, Nikolay Aseyev, Tania A Korshunova, Natasha I Bravarenko, M S Lemak, Matvey Roshchin, Igor S Zakharov, Yekaterina Popova, Richard Boyle",2011 Mar 29
"Bradford M Kuhlman, Jonathan H Diaz, Trang Simon, Kimberly D Reeves, Stephen J Walker, Anthony Atala, Graça Almeida-Porada, Christopher D Porada",2024 Aug 14
"Wan W Amani Wan Salim, Michael A Zeitchek, Andrew C Hermann, Antonio J Ricco, Ming Tan, Florian Selch, Erich Fleming, Brad M Bebout, Mamoun M Bader, Aeraj ul Haque, D Marshall Porterfield",2013 Apr 18
"Stefano Cinti, Sima Singh, Giovanni Covone, Luca Tonietti, Annarita Ricciardelli, Angelina Cordone, Roberta Iacono, Arianna Mazzoli, Marco Moracci, Alessandra Rotundi, Donato Giovannelli",2023 Aug 17
"Andrii P Gryganskyi, Jacob Golan, Anna Muszewska, Alexander Idnurm, Somayeh Dolatabadi, Stephen J Mondo, Vira B Kutovenko, Volodymyr O Kutovenko, Michael T Gajdeczka, Iryna M Anishchenko, Julia Pawlowska, Ngoc Vinh Tran, Ingo Ebersberger, Kerstin Voigt, Yan Wang, Ying Chang, Teresa E Pawlowska, Joseph Heitman, Rytas Vilgalys, Gregory Bonito, Gerald L Benny, Matthew E Smith, Nicole Reynolds, Timothy Y James, Igor V Grigoriev, Joseph W Spatafora, Jason E Stajich",2023 Jul 18
"Zyrina Alura C Sanchez, Vignesha Vijayananda, Devin M Virassammy, Liat Rosenfeld, Anand K Ramasubramanian",2022 Mar 3
"Thomas Cahill, Henry Cope, Joseph J Bass, Eliah G Overbey, Rachel Gilbert, Willian Abraham da Silveira, Amber M Paul, Tejaswini Mishra, Raúl Herranz, Sigrid S Reinsch, Sylvain V Costes, Gary Hardiman, Nathaniel J Szewczyk, Candice G T Tahimic",2021 Aug 31
"Silvia S Orsini, April M Lewis, Kelly C Rice",2017 Jan 12
"Matthew R Hauserman, Mariola J Ferraro, Ronan K Carroll, Kelly C Rice",2024 Jan 8
"Carla Brillada, Jiameng Zheng, Falco Krüger, Eliezer Rovira-Diaz, Jana Christin Askani, Karin Schumacher, Marcela Rojas-Pierce",2018 Aug 13
"Sang Won Han, Jose M Alonso, Marcela Rojas-Pierce",2015 Apr 27
"Carla Brillada, Jiameng Zheng, Falco Krüger, Eliezer Rovira-Diaz, Jana Christin Askani, Karin Schumacher, Marcela Rojas-Pierce",2018 Aug 13
"Mengying Wang, Katherine Danz, Vanessa Ly, Marcela Rojas-Pierce",2022 Sep 6
"Theresa Casey, Elzbieta I Zakrzewska, Rhonda L Maple, Laura Lintault, Charles E Wade, Lisa A Baer, April E Ronca, Karen Plaut",2012 Apr 30
"Jennifer Blaze, Arun Asok, Kristyn Borrelli, Christina Tulbert, Justin Bollinger, April E Ronca, Tania L Roth",2017 Mar 19
"Megan E Rosa-Caldwell, Marie Mortreux, Anna Wadhwa, Ursula B Kaiser, Dong-Min Sung, Mary L Bouxsein, Seward B Rutkove",2023 Sep 12
"Megan E Rosa-Caldwell, Marie Mortreux, Anna Wadhwa, Ursula B Kaiser, Dong-Min Sung, Mary L Bouxsein, Seward B Rutkove",2023 Sep 12
"Hak-Soo Lee, Yoon Kim, Giang Pham, Ju Won Kim, Ji-Hye Song, Yew Lee, Yong-Sic Hwang, Stanley J Roux, Soo-Hwan Kim",2015 Jul 1
"Xu Wang, Xiaolong Ma, Hui Wang, Bingjie Li, Greg Clark, Yi Guo, Stan Roux, Daye Sun, Wenqiang Tang",2015 Jan 13
"Manas Kumar Tripathy, Gayani Weeraratne, Greg Clark, Stanley J Roux",2016 Sep 15
"Jing Wang, Jawon Song, Greg Clark, Stanley J Roux",2018 Jul 17
"Linda Rubinstein, Frederico Kiffer, Stephanie Puukila, Moniece G Lowe, Brie Goo, Amalia Luthens, Ann-Sofie Schreurs, Samantha M Torres, Sonette Steczina, Candice G T Tahimic, Antiño R Allen",2022 Nov 9
"Frank C Ko, Jia Li, Daniel J Brooks, Seward B Rutkove, Mary L Bouxsein",2018 Mar 23
"Marie Mortreux, Frank C Ko, Daniela Riveros, Mary L Bouxsein, Seward B Rutkove",2019 Aug 22
Mark Murphy,2024 Oct 10
"Frank C Ko, Marie Mortreux, Daniela Riveros, Janice A Nagy, Seward B Rutkove, Mary L Bouxsein",2020 May 18
"Marie Mortreux, Megan E Rosa-Caldwell",2020 Oct 8
"Marie Mortreux, Megan E Rosa‐Caldwell, Ian D Stiehl, Dong‐Min Sung, Nicholas T Thomas, Christopher S Fry, Seward B Rutkove",2021 Oct 6
"Issertine, M., Rosa?Caldwell, M. E., Sung, D.?M., Bouxsein, M. L., Rutkove, S. B., & Mortreux, M.",2024 Mar 11
"İrem Çelen, Jung H Doh, Chandran R Sabanayagam",2018 Jul 31
"İrem Çelen, Aroshan Jayasinghe, Jung H Doh, Chandran R Sabanayagam",2023 Jan 10
"Simon Ng, Cayden Williamson, Mark van Zee, Dino Di Carlo, Sergio R Santa Maria",2022 Jul 31
"Amanda Scott, Craig RG Willis, Masafumi Muratani, Atsushi Higashitani, Timothy Etheridge, Nathaniel J Szewczyk, Colleen S Deane",2023 Jun 20
"A-S Schreurs, Y Shirazi-Fard, M Shahnazari, J S Alwood, T A Truong, C G T Tahimic, C L Limoli, N D Turner, B Halloran, R K Globus",2016 Feb 11
"Sonette Steczina, Candice G T Tahimic, Megan Pendleton, Ons M’Saad, Moniece Lowe, Joshua S Alwood, Bernard P Halloran, Ruth K Globus, Ann-Sofie Schreurs",2020 Apr 16
"Candice G T Tahimic, Sonette Steczina, Aimy Sebastian, Nicholas R Hum, Metadel Abegaz, Masahiro Terada, Maria Cimini, David A Goukassian, Ann-Sofie Schreurs, Tana M Hoban-Higgins, Charles A Fuller, Gabriela G Loots, Ruth K Globus, Yasaman Shirazi-Fard",2024 Jul 24
"Run-Sen Liang, Jin-Qi Su, Xiang-Qi Wu, Qi Wang, Yong-Mei Cai, Hong-Yong Su, Ji-Xin Tang, Cui-Wei Yao",2025 Mar 28
"Martin Freitag, Hansjörg Schwertz",2022 Nov 24
"Eric L Moyer, Paula M Dumars, Gwo-Shing Sun, Kara J Martin, David G Heathcote, Richard D Boyle, Mike G Skidmore",2016 Mar 3
"Megan Hupka, Raj Kedia, Rylee Schauer, Brooke Shepard, María Granados-Presa, Mark Vande Hei, Pamela Flores, Luis Zea",2023 Apr 13
"Kevin Li, Riya Desai, Ryan T Scott, Joel Ricky Steele, Meera Machado, Samuel Demharter, Adrienne Hoarfrost, Jessica L Braun, Val A Fajardo, Lauren M Sanders, Sylvain V Costes",2023 Dec 13
"Iris Irby, Jared T Broddrick",2024 May 15
"Rocky An, Virginia Katherine Blackwell, Bijan Harandi, Alicia C Gibbons, Olivia Siu, Iris Irby, Amy Rees, Nadjet Cornejal, Kristina M Sattler, Tao Sheng, Nicholas C Syracuse, David Loftus, Sergio R Santa Maria, Egle Cekanaviciute, Sigrid S Reinsch, Hami E Ray, Amber M Paul",2024 Jun 11
"Marta Cortesão, Katharina Siems, Stella Koch, Kristina Beblo-Vranesevic, Elke Rabbow, Thomas Berger, Michael Lane, Leandro James, Prital Johnson, Samantha M Waters, Sonali D Verma, David J Smith, Ralf Moeller",2021 Feb 22
"Blake W Stamps, Caitlin L Bojanowski, Carrie A Drake, Heather S Nunn, Pamela F Lloyd, James G Floyd, Katelyn A Emmerich, Abby R Neal, Wendy J Crookes-Goodson, Bradley S Stevenson",2020 Feb 25
"Blake W Stamps, John R Spear",2020 Apr 2
"Friedemann Freund, Viktor Stolc",2013 Jun 6
"Avijit Pramanik, Ye Gao, Shamily Patibandla, Dipanwita Mitra, Martin G McCandless, Lauren A Fassero, Kalein Gates, Ritesh Tandon, Paresh Chandra Ray",2021 Jan 18
"Avijit Pramanik, Poonam C Sharma, Shamily Patibandla, Ye Gao, Vinod Ruppa-Kasani, Jagruti Goli, Animesh Kumar, Abhirup Chatterjee, Sudarson Sekhar Sinha, John T Bates, Michael A Bierdeman, Ritesh Tandon, Paresh Chandra Ray",2022 Feb 22
"Hannah M Harris, Katherine L Boyet, Hao Liu, Rohini Dwivedi, Nicole M Ashpole, Ritesh Tandon, Gene L Bidwell, III, Zhi Cheng, Lauren A Fassero, Christian S Yu, Vitor H Pomin, Dipanwita Mitra, Kerri A Harrison, Eric Dahl, Bill J Gurley, Arun Kumar Kotha, Mahavir Bhupal Chougule, Joshua S Sharp",2022 Mar 2
"Rohini Dwivedi, Poonam Sharma, Marwa Farrag, Seon Beom Kim, Lauren A Fassero, Ritesh Tandon, Vitor H Pomin",2022 Jul 5
"Poonam Sharma, Rohini Dwivedi, Priya Ray, Jayanti Shukla, Vitor H Pomin, Ritesh Tandon",2023 Mar 28
"Satish K Mehta, Douglass M Diak, Sara Bustos-Lopez, Mayra Nelman-Gonzalez, Xi Chen, Ianik Plante, Stephen J Stray, Ritesh Tandon, Brian E Crucian",2024 Sep 26
"Vijayalaxmi Gupta, Lesya Holets-Bondar, Katherine F Roby, George Enders, Joseph S Tash",2015 Jan 13
"Begum Aydogan Mathyk, Marshall Tabetah, Rashid Karim, Victoria Zaksas, JangKeun Kim, R I Anu, Masafumi Muratani, Alexia Tasoula, Ruth Subhash Singh, Yen-Kai Chen, Eliah Overbey, Jiwoon Park, Henry Cope, Hossein Fazelinia, Davide Povero, Joseph Borg, Remi V Klotz, Min Yu, Steven L Young, Christopher E Mason, Nathaniel Szewczyk, Riley M St Clair, Fathi Karouia, Afshin Beheshti",2024 Jun 11
"Alix C Deymier, Andrea G Schwartz, Zhounghou Cai, Tyrone L Daulton, Jill D Pasteris, Guy M Genin, Stavros Thomopoulos",2018 Oct 17
"Alix C Deymier, Andrea G Schwartz, Chanteak Lim, Brian Wingender, Akhilesh Kotiya, Hua Shen, Matthew J Silva, Stavros Thomopoulos",2019 Nov 12
"Peng Jiang, Stefan J Green, George E Chlipala, Fred W Turek, Martha Hotz Vitaterna",2019 Aug 9
"Urszula T Iwaniec, Russell T Turner",2012 Dec 12
"Russell T Turner, Urszula T Iwaniec, Carmen P Wong, Laurence B Lindenmaier, Lindsay A Wagner, Adam J Branscum, Scott A Menn, James Taylor, Ye Zhang, Honglu Wu, Jean D Sibonga",2013 Aug 14
"Russell T Turner, Kenneth A Philbrick, Carmen P Wong, Dawn A Olson, Adam J Branscum, Urszula T Iwaniec",2014 Jul 2
"Russell T Turner, Michael Dube, Adam J Branscum, Carmen P Wong, Dawn A Olson, Xiaoying Zhong, Mercedes F Kweh, Iske V Larkin, Thomas J Wronski, Clifford J Rosen, Satya P Kalra, Urszula T Iwaniec",2015 Oct 20
"Laurence B Lindenmaier, Kenneth A Philbrick, Adam J Branscum, Satya P Kalra, Russell T Turner, Urszula T Iwaniec",2016 Aug 16
"Urszula T Iwaniec, Kenneth A Philbrick, Carmen P Wong, Jody L Gordon, Arianna M Kahler-Quesada, Dawn A Olson, Adam J Branscum, Jennifer L Sargent, Victoria E DeMambro, Clifford J Rosen, Russell T Turner",2016 May 17
"Jessica A Keune, Kenneth A Philbrick, Adam J Branscum, Urszula T Iwaniec, Russell T Turner",2016 Apr 28
"Lin-Yu Jin, Chen Guo, Shuai Xu, Hai-Ying Liu, Xin-Feng Li",2021 Dec 1
"Kenneth A Philbrick, Stephen A Martin, Amy R Colagiovanni, Adam J Branscum, Russell T Turner, Urszula T Iwaniec",2017 Nov 30
"Kenneth A Philbrick, Carmen P Wong, Adam J Branscum, Russell T Turner, Urszula T Iwaniec",2017 Jan 5
"Jessica A Keune, Carmen P Wong, Adam J Branscum, Urszula T Iwaniec, Russell T Turner",2017 Apr 12
"Jasmine Nour, Annalisa Moregola, Monika Svecla, Lorenzo Da Dalt, Rossella Bellini, Olivier Neyrolles, Gian Paolo Fadini, Yoann Rombouts, Mattia Albiero, Fabrizia Bonacina, Giuseppe Danilo Norata",2022 Dec 1
"Richard T Deyhle, Jr, Carmen P Wong, Stephen A Martin, Melissa Q McDougall, Dawn A Olson, Adam J Branscum, Scott A Menn, Urszula T Iwaniec, David M Hamby, Russell T Turner",2019 Mar 14
"Jessica A Keune, Adam J Branscum, Carmen P Wong, Urszula T Iwaniec, Russell T Turner",2019 Jun 27
"Stephen A Martin, Kenneth A Philbrick, Carmen P Wong, Dawn A Olson, Adam J Branscum, Donald B Jump, Charles K Marik, Jonathan M DenHerder, Jennifer L Sargent, Russell T Turner, Urszula T Iwaniec",2019 Oct 7
"Amanda Gamboa, Adam J Branscum, Dawn A Olson, Lara H Sattgast, Urszula T Iwaniec, Russell T Turner",2021 Feb 14
"Carmen P Wong, Urszula T Iwaniec, Russell T Turner",2021 Jun 18
"Russell T Turner, Kira L Nesser, Kenneth A Philbrick, Carmen P Wong, Dawn A Olson, Adam J Branscum, Urszula T Iwaniec",2022 Oct 6
"Lara H Sattgast, Carmen P Wong, Adam J Branscum, Dawn A Olson, Allan M Aguirre-Burk, Urszula T Iwaniec, Russell T Turner",2023 Mar 21
"Jessica A Keune, Carmen P Wong, Adam J Branscum, Scott A Menn, Urszula T Iwaniec, Russell T Turner",2024 Feb 6
"Camilla Urbaniak, Tristan Grams, Christopher E Mason, Kasthuri Venkateswaran",2021 Sep 13
"Donatella Tesei, Anna Jewczynko, Anne M Lynch, Camilla Urbaniak",2022 Mar 28
"Rosa Santomartino, Nils J H Averesch, Marufa Bhuiyan, Charles S Cockell, Jesse Colangelo, Yosephine Gumulya, Benjamin Lehner, Ivanna Lopez-Ayala, Sean McMahon, Anurup Mohanty, Sergio R Santa Maria, Camilla Urbaniak, Rik Volger, Jiseon Yang, Luis Zea",2023 Mar 21
"Alejandro Bilbao, Amar K Patel, Mizanur Rahman, Siva A Vanapalli, Jerzy Blawzdziewicz",2018 Apr 4
"Nikita S Jhaveri, Maya K Mastronardo, JB Collins, Erik C Andersen",2025 Apr 24
"Mizanur Rahman, Jennifer E Hewitt, Frank Van-Bussel, Hunter Edwards, Jerzy Blawzdziewicz, Nathaniel J Szewczyk, Monica Driscoll, Siva A Vanapalli",2018 Jul 24
"Ricardo Laranjeiro, Girish Harinath, Jennifer E Hewitt, Jessica H Hartman, Mary Anne Royal, Joel N Meyer, Siva A Vanapalli, Monica Driscoll",2019 Nov 4
"Amelia K Pollard, Christopher J Gaffney, Colleen S Deane, Michele Balsamo, Michael Cooke, Rebecca A Ellwood, Jennifer E Hewitt, Beata E Mierzwa, Alessandro Mariani, Siva A Vanapalli, Timothy Etheridge, Nathaniel J Szewczyk",2020 Aug 6
"Shasika Jayarathne, Latha Ramalingam, Hunter Edwards, Siva A Vanapalli, Naima Moustaid-Moussa",2020 May 20
"Hiroshi Qadota, Jasmine C Moody, Leila Lesanpezeshki, Taylor Moncrief, Deborah Kitzler, Purnima Devaki Bhat, Siva A Vanapalli, Andres F Oberhauser, Guy M Benian",2020 Jul 6
"Mizanur Rahman, Hunter Edwards, Nikolajs Birze, Rebecca Gabrilska, Kendra P Rumbaugh, Jerzy Blawzdziewicz, Nathaniel J Szewczyk, Monica Driscoll, Siva A Vanapalli",2020 Oct 1
"Ricardo Laranjeiro, Girish Harinath, Amelia K Pollard, Christopher J Gaffney, Colleen S Deane, Siva A Vanapalli, Timothy Etheridge, Nathaniel J Szewczyk, Monica Driscoll",2021 Jan 29
"Purushottam Soni, Taslim Anupom, Leila Lesanpezeshki, Mizanur Rahman, Jennifer E Hewitt, Matthew Vellone, Louis Stodieck, Jerzy Blawzdziewicz, Nathaniel J Szewczyk, Siva A Vanapalli",2022 Nov 7
"Taslim Anupom, Siva A Vanapalli",2023 Jan 10
"Adriana Raluca Vintila, Luke Slade, Michael Cooke, Craig R G Willis, Roberta Torregrossa, Mizanur Rahman, Taslim Anupom, Siva A Vanapalli, Christopher J Gaffney, Nima Gharahdaghi, Csaba Szabo, Nathaniel J Szewczyk, Matthew Whiteman, Timothy Etheridge",2023 Jul 31
"Luke Slade, Shelby E Bollen, Joseph J Bass, Bethan E Phillips, Kenneth Smith, Daniel J Wilkinson, Nathaniel J Szewczyk, Philip J Atherton, Timothy Etheridge",2023 Sep 18
"Purushottam Soni, Hunter Edwards, Taslim Anupom, Mizanur Rahman, Leila Lesanpezeshki, Jerzy Blawzdziewicz, Henry Cope, Nima Gharahdaghi, Daniel Scott, Li Shean Toh, Philip M Williams, Timothy Etheridge, Nathaniel Szewczyk, Craig R G Willis, Siva A Vanapalli",2023 Oct 17
"Georgios Marinos, Inga K Hamerich, Reena Debray, Nancy Obeng, Carola Petersen, Jan Taubenheim, Johannes Zimmermann, Dana Blackburn, Buck S Samuel, Katja Dierking, Andre Franke, Matthias Laudes, Silvio Waschina, Hinrich Schulenburg, Christoph Kaleta",2024 Jan 17
"Henry Cope, Jonas Elsborg, Samuel Demharter, J Tyson McDonald, Chiara Wernecke, Hari Parthasarathy, Hriday Unadkat, Mira Chatrathi, Jennifer Claudio, Sigrid Reinsch, Pinar Avci, Sara R Zwart, Scott M Smith, Martina Heer, Masafumi Muratani, Cem Meydan, Eliah Overbey, Jangkeun Kim, Christopher R Chin, Jiwoon Park, Jonathan C Schisler, Christopher E Mason, Nathaniel J Szewczyk, Craig R G Willis, Amr Salam, Afshin Beheshti",2024 Jun 11
"Nadia B Haghani, Robert H Lampe, Buck S Samuel, Sreekanth H Chalasani, Molly A Matty",2024 Jul 9
"Yohei Matsunaga, Hiroshi Qadota, Nasab Ghazal, Leila Lesanpezeshki, Till Dorendorf, Jasmine C Moody, Arnaud Ahier, Courtney J Matheny, Siva A Vanapalli, Steven Zuryn, Olga Mayans, Jennifer Q Kwong, Guy M Benian",2024 Oct 17
"Parag Vaishampayan, Alexander J Probst, Myron T La Duc, Emilee Bargoma, James N Benardini, Gary L Andersen, Kasthuri Venkateswaran",2012 Oct 11
"Min Xie, Chen-Yu Tsai, Zachary L McAdams, Myo Oo, Mark Hansen, Maureen Dougher, Alexander Sansano, Anderson Watson, Katherine LoMauro, Rosleine Antilus-Sainte, Aaron Ericsson, Véronique Dartois, Martin Gengenbacher",2023 Jul 26
"Aleksandra Checinska, Alexander J Probst, Parag Vaishampayan, James R White, Deepika Kumar, Victor G Stepanov, George E Fox, Henrik R Nilsson, Duane L Pierson, Jay Perry, Kasthuri Venkateswaran",2015 Oct 27
"Nitin Kumar Singh, Adriana Blachowicz, Aleksandra Checinska, Clay Wang, Kasthuri Venkateswaran",2016 Jul 14
"Adriana Blachowicz, Abby J Chiang, Jillian Romsdahl, Markus Kalkum, Clay C C Wang, Kasthuri Venkateswaran",2019 Jan 3
"Aleksandra Checinska Sielaff, Nitin K Singh, Jonathan E Allen, James Thissen, Crystal Jaing, Kasthuri Venkateswaran",2016 Dec 29
"Nitin K Singh, Adriana Blachowicz, Jillian Romsdahl, Clay Wang, Tamas Torok, Kasthuri Venkateswaran",2017 Apr 13
"A Blachowicz, T Mayer, M Bashir, T R Pieber, P De León, K Venkateswaran",2017 Jul 11
"Nicholas A Be, Aram Avila-Herrera, Jonathan E Allen, Nitin Singh, Aleksandra Checinska Sielaff, Crystal Jaing, Kasthuri Venkateswaran",2017 Sep 1
"Jiseon Yang, Jennifer Barrila, C Mark Ott, Olivia King, Rebekah Bruce, Robert J C McLean, Cheryl A Nickerson",2021 Sep 6
"Kasthuri Venkateswaran, Aleksandra Checinska Sielaff, Shashikala Ratnayake, Robert K Pope, Thomas E Blank, Victor G Stepanov, George E Fox, Sandra P van Tongeren, Clinton Torres, Jonathan Allen, Crystal Jaing, Duane Pierson, Jay Perry, Sergey Koren, Adam Phillippy, Joy Klubnik, Todd J Treangen, M J Rosovitz, Nicholas H Bergman",2017 Aug 10
"Arman Seuylemezian, Parag Vaishampayan, Kerry Cooper, Kasthuri Venkateswaran",2018 Feb 8
"Jeremiah J Minich, Qiyun Zhu, Stefan Janssen, Ryan Hendrickson, Amnon Amir, Russ Vetter, John Hyde, Megan M Doty, Kristina Stillwell, James Benardini, Jae H Kim, Eric E Allen, Kasthuri Venkateswaran, Rob Knight",2018 Mar 13
"Camilla Urbaniak, Sanjeet Dadwal, Karine Bagramyan, Kasthuri Venkateswaran",2018 Jun 21
"Arman Seuylemezian, Nitin K Singh, Parag Vaishampayan, Kasthuri Venkateswaran",2017 Aug 31
"Camilla Urbaniak, Michael D Morrison, James B Thissen, Fathi Karouia, David J Smith, Satish Mehta, Crystal Jaing, Kasthuri Venkateswaran",2022 Jun 29
"Camilla Urbaniak, Gioia Massa, Mary Hummerick, Christina Khodadad, Andrew Schuerger, Kasthuri Venkateswaran",2018 May 17
"Jillian Romsdahl, Adriana Blachowicz, Yi-Ming Chiang, Kasthuri Venkateswaran, Clay C C Wang",2020 May 21
"Nitin K Singh, Daniela Bezdan, Aleksandra Checinska Sielaff, Kevin Wheeler, Christopher E Mason, Kasthuri Venkateswaran",2018 Nov 23
"Nitin Kumar Singh, Jason M Wood, Fathi Karouia, Kasthuri Venkateswaran",2018 Dec 4
"Jillian Romsdahl, Adriana Blachowicz, Abby J Chiang, Yi-Ming Chiang, Sawyer Masonjones, Junko Yaegashi, Stefanie Countryman, Fathi Karouia, Markus Kalkum, Jason E Stajich, Kasthuri Venkateswaran, Clay CC Wang",2018 Dec 12
"Adriana Blachowicz, Abby J Chiang, Jillian Romsdahl, Markus Kalkum, Clay C C Wang, Kasthuri Venkateswaran",2019 Jan 3
"Camilla Urbaniak, Peter van Dam, Alexander Zaborin, Olga Zaborina, Jack A Gilbert, Tamas Torok, Clay C C Wang, Kasthuri Venkateswaran",2019 Mar 19
"Aleksandra Checinska Sielaff, Camilla Urbaniak, Ganesh Babu Malli Mohan, Victor G Stepanov, Quyen Tran, Jason M Wood, Jeremiah Minich, Daniel McDonald, Teresa Mayer, Rob Knight, Fathi Karouia, George E Fox, Kasthuri Venkateswaran",2019 Apr 8
"Adriana Blachowicz, Abby J Chiang, Andreas Elsaesser, Markus Kalkum, Pascale Ehrenfreund, Jason E Stajich, Tamas Torok, Clay C C Wang, Kasthuri Venkateswaran",2019 May 15
"Liu Cao, Alexey Gurevich, Kelsey L Alexander, C Benjamin Naman, Tiago Leão, Evgenia Glukhov, Tal Luzzatto-Knaan, Fernando Vargas, Robby Quinn, Amina Bouslimani, Louis Felix Nothias, Nitin K Singh, Jon G Sanders, Rodolfo A S Benitez, Luke R Thompson, Md-Nafiz Hamid, James T Morton, Alla Mikheenko, Alexander Shlemov, Anton Korobeynikov, Iddo Friedberg, Rob Knight, Kasthuri Venkateswaran, William H Gerwick, Lena Gerwick, Pieter C Dorrestein, Pavel A Pevzner, Hosein Mohimani",2019 Oct 16
"Swati Bijlani, Nitin K Singh, Christopher E Mason, Clay C C Wang, Kasthuri Venkateswaran",2020 Jun 18
"Swati Bijlani, Nitin K Singh, Christopher E Mason, Clay C C Wang, Kasthuri Venkateswaran",2020 Jun 25
"Robert Daudu, Ceth W Parker, Nitin K Singh, Jason M Wood, Marilyne Debieu, Niamh B O’Hara, Christopher E Mason, Kasthuri Venkateswaran",2020 Jul 30
"Achintya R Bharadwaj, Robert Daudu, Nitin K Singh, Jason M Wood, Marilyne Debieu, Niamh B O’Hara, Fathi Karouia, Christopher E Mason, Kasthuri Venkateswaran",2020 Sep 10
"Achintya R Bharadwaj, Nitin K Singh, Jason M Wood, Marilyne Debieu, Niamh B O’Hara, Fathi Karouia, Christopher E Mason, Kasthuri Venkateswaran",2020 Sep 24
"Samuel A Solomon, Achintya R Bharadwaj, Nitin K Singh, Jason M Wood, Marilyne Debieu, Niamh B O’Hara, Christopher E Mason, Kasthuri Venkateswaran",2020 Oct 15
"Robert Daudu, Nitin K Singh, Jason M Wood, Marilyne Debieu, Niamh B O'Hara, Christopher E Mason, Kasthuri Venkateswaran",2020 Oct 29
"Snehit Mhatre, Jason M Wood, Aleksandra Checinska Sielaff, Maximilian Mora, Stefanie Duller, Nitin Kumar Singh, Fathi Karouia, Christine Moissl-Eichinger, Kasthuri Venkateswaran",2020 Nov 6
"Swati Bijlani, Nitin K Singh, V V Ramprasad Eedara, Appa Rao Podile, Christopher E Mason, Clay C C Wang, Kasthuri Venkateswaran",2021 Mar 15
"Adriana Blachowicz, Nitin Kumar Singh, Jason M Wood, Marilyne Debieu, Niamh B O’Hara, Christopher E Mason, Kasthuri Venkateswaran",2021 Apr 1
"Maria Cortazar‐Chinarro, Kayla C King, Mette Lillie",2025 Apr 28
"Donatella Tesei, Abby J Chiang, Markus Kalkum, Jason E Stajich, Ganesh Babu Malli Mohan, Katja Sterflinger, Kasthuri Venkateswaran",2021 Mar 18
"Anna C Simpson, Camilla Urbaniak, Nitin K Singh, Jason M Wood, Marilyne Debieu, Niamh B O’Hara, Christopher E Mason, Kasthuri Venkateswaran",2021 Apr 29
"Natasha J Haveman, Christina L M Khodadad, Anirudha R Dixit, Artemis S Louyakis, Gioia D Massa, Kasthuri Venkateswaran, Jamie S Foster",2021 Jun 17
"Yi Xiong, Jianguo Guo, Wenchen Yu, Deyong Zeng, Chenchen Song, Li Zhou, Nadtochii Liudmila Anatolyevna, Denis Baranenko, Dan Xiao, Yingyu Zhou, Weihong Lu",2025 Mar 27
"Jonathan Lombardino, Swati Bijlani, Nitin K Singh, Jason M Wood, Richard Barker, Simon Gilroy, Clay C C Wang, Kasthuri Venkateswaran",2022 Jan 12
"Swati Bijlani, Ceth Parker, Nitin K Singh, Maria A Sierra, Jonathan Foox, Clay C C Wang, Christopher E Mason, Kasthuri Venkateswaran",2022 Feb 8
"Rachita K Kumar, Nitin Kumar Singh, Sanjaay Balakrishnan, Ceth W Parker, Karthik Raman, Kasthuri Venkateswaran",2022 Jul 6
"Anna C Simpson, Takeo Suzuki, Daniel R Miller, Kasthuri Venkateswaran",2022 Aug 25
"Braden T Tierney, Nitin K Singh, Anna C Simpson, Andrea M Hujer, Robert A Bonomo, Christopher E Mason, Kasthuri Venkateswaran",2022 Dec 12
"Nitin K Singh, Jason M Wood, Jose Patane, Livia Maria Silva Moura, Jonathan Lombardino, João Carlos Setubal, Kasthuri Venkateswaran",2023 Jun 1
"Anna C Simpson, V V Ramprasad Eedara, Nitin K Singh, Namita Damle, Ceth W Parker, Fathi Karouia, Christopher E Mason, Kasthuri Venkateswaran",2023 Jun 15
"Georgios Miliotis, Francesca McDonagh, Nitin Kumar Singh, Louise O'Connor, Alma Tuohy, Dearbháile Morris, Kasthuri Venkateswaran",2023 Nov 15
"Anna C Simpson, Pratyay Sengupta, Flora Zhang, Asif Hameed, Ceth W Parker, Nitin K Singh, Georgios Miliotis, Punchappady D Rekha, Karthik Raman, Christopher E Mason, Kasthuri Venkateswaran",2023 Nov 6
"Pratyay Sengupta, Shobhan Karthick Muthamilselvi Sivabalan, Nitin Kumar Singh, Karthik Raman, Kasthuri Venkateswaran",2024 Mar 23
"Anna C Simpson, Pratyay Sengupta, Flora Zhang, Asif Hameed, Ceth W Parker, Nitin K Singh, Georgios Miliotis, Punchappady D Rekha, Karthik Raman, Christopher E Mason, Kasthuri Venkateswaran",2023 Nov 6
"Lukasz M Szydlowski, Alper A Bulbul, Anna C Simpson, Deniz E Kaya, Nitin K Singh, Ugur O Sezerman, Paweł P Łabaj, Tomasz Kosciolek, Kasthuri Venkateswaran",2024 Oct 4
"Chun-Jun Guo, Wei-Wen Sun, Kenneth S Bruno, Berl R Oakley, Nancy P Keller, Clay C C Wang",2015 Jul 13
"Jillian Romsdahl, Clay C C Wang",2019 Apr 26
"Michael Farris, Emory R McTyre, Catherine Okoukoni, Greg Dugan, Brendan J Johnson, William Blackstock, Michael T Munley, J Daniel Bourland, J Mark Cline, Jeffrey S Willey",2018 May 8
"Andy T Kwok, Joseph E Moore, Samuel Rosas, Bethany A Kerr, Rachel N Andrews, Callistus M Nguyen, Jingyun Lee, Cristina M Furdui, Boyce E Collins, Michael T Munley, Jeffrey S Willey",2019 Mar 29
"Jeffrey S Willey, Richard A Britten, Elizabeth Blaber, Candice GT Tahimic, Jeffrey Chancellor, Marie Mortreux, Larry D Sanford, Angela J Kubik, Michael D Delp, Xiao Wen Mao",2021
"Andy T Kwok, Nequesha S Mohamed, Johannes F Plate, Raghunatha R Yammani, Samuel Rosas, Ted A Bateman, Eric Livingston, Joseph E Moore, Bethany A Kerr, Jingyun Lee, Cristina M Furdui, Li Tan, Mary L Bouxsein, Virginia L Ferguson, Louis S Stodieck, David C Zawieja, Michael D Delp, Xiao W Mao, Jeffrey S Willey",2021 May 18
"Jeffrey S Willey, Serena Aunon-Chancellor, Lauren A Miles, Joseph E Moore, Xiao W Mao, Robert W Wallace, Matthew C Foy",2022 Jun 2
"Cynthia L Browning, John Pierce Wise, Sr",2017 May 26
"Ye Zhang, Maria Moreno-Villanueva, Stephanie Krieger, Govindarajan T Ramesh, Srujana Neelam, Honglu Wu",2017 May 31
"María Moreno-Villanueva, Michael Wong, Tao Lu, Ye Zhang, Honglu Wu",2017 May 10
"Maria Moreno-Villanueva, Alan H Feiveson, Stephanie Krieger, AnneMarie Kay Brinda, Gudrun von Scheven, Alexander Bürkle, Brian Crucian, Honglu Wu",2018 Nov 21
"Colin P S Kruse, Proma Basu, Darron R Luesse, Sarah E Wyatt",2017 Apr 19
"Colin P S Kruse, Alexander D Meyers, Proma Basu, Sarahann Hutchinson, Darron R Luesse, Sarah E Wyatt",2020 May 27
"Allison P Koehle, Stephanie L Brumwell, Emily P Seto, Anne M Lynch, Camilla Urbaniak",2023 Jun 21
"Rosa Santomartino, Nils J H Averesch, Marufa Bhuiyan, Charles S Cockell, Jesse Colangelo, Yosephine Gumulya, Benjamin Lehner, Ivanna Lopez-Ayala, Sean McMahon, Anurup Mohanty, Sergio R Santa Maria, Camilla Urbaniak, Rik Volger, Jiseon Yang, Luis Zea",2023 Mar 21
"Jiseon Yang, Jennifer Barrila, C Mark Ott, Olivia King, Rebekah Bruce, Robert J C McLean, Cheryl A Nickerson",2021 Sep 6
"Anurag Sakharkar, Jian Yang",2023 Feb 18
"Sara Koroli, Kristina Buss, Joy M Blain, Gautam Sai Nakka, Mina Hong, Robert JC McLean, Caroline M Plugge, Jiseon Yang",2023 Dec 1
"Anna K de Regt, Yeshi Yin, T Ryan Withers, Xin Wang, Tania A Baker, Robert T Sauer, Hongwei D Yu",2014 Jul 6
"Walter E Cromer, Scott D Zawieja, Karen M Doersch, Hayden Stagg, Felicia Hunter, Binu Tharakan, Ed Childs, David C Zawieja",2018 Feb 1
"Andreas Elsaesser, David J Burr, Paul Mabey, Riccardo Giovanni Urso, Daniela Billi, Charles Cockell, Hervé Cottin, Adrienne Kish, Natalie Leys, Jack J W A van Loon, Eva Mateo-Marti, Christine Moissl-Eichinger, Silvano Onofri, Richard C Quinn, Elke Rabbow, Petra Rettberg, Rosa de la Torre Noetzel, Klaus Slenzka, Antonio J Ricco, Jean-Pierre de Vera, Frances Westall",2023 Jun 12
"Rosa Santomartino, Luis Zea, Charles S Cockell",2022 Jan 6
"Rosa Santomartino, Luis Zea, Charles S Cockell",2022 Jan 6
"Lily A Allen, Amir H Kalani, Frederico Estante, Aaron J Rosengren, Louis Stodieck, David Klaus, Luis Zea",2022 Sep 8
"Pamela Flores, Samantha A McBride, Jonathan M Galazka, Kripa K Varanasi, Luis Zea",2023 Aug 16
"Junya Zhang, Bárbara S F Müller, Kevin N Tyre, Hope L Hersh, Fang Bai, Ying Hu, Marcio F R Resende, Jr, Bala Rathinasabapathi, A Mark Settles",2020 May 25
"Mary E Hummerick, Christina L M Khodadad, Anirudha R Dixit, Lashelle E Spencer, Gretchen J Maldonado-Vasquez, Jennifer L Gooden, Cory J Spern, Jason A Fischer, Nicole Dufour, Raymond M Wheeler, Matthew W Romeyn, Trent M Smith, Gioia D Massa, Ye Zhang",2021 Oct 9
"Ye Zhang, Jeffrey T Richards, Alan H Feiveson, Stephanie E Richards, Srujana Neelam, Thomas W Dreschel, Ianik Plante, Megumi Hada, Honglu Wu, Gioia D Massa, Grace L Douglas, Howard G Levine",2022 Jan 19
"Agata K Zupanska, Carmen Arena, Gustavo E Zuñiga, Angelica Casanova-Katny, Johanna D Turnbull, León A Bravo, Patricio Ramos, Hang Sun, Vladimir V Shishov",2023 Aug 17
"Sergios-Orestis Kolokotronis, Chandrima Bhattacharya, Rupobrata Panja, Ian Quate, Matthew Seibert, Ellen Jorgensen, Christopher E Mason, Elizabeth M Hénaff",2025 Apr 16
"Bryan G Schellberg, Abigail N Koppes, Ryan A Koppes",2025 Apr 4
"Rukmani Cahill, Elizabeth A Blaber, Cassandra M Juran, Margareth Cheng-Campbell, Joshua S Alwood, Yasaman Shirazi-Fard, Eduardo A C Almeida",2025 Mar 26
"Upal Roy, Roey Hadad, Angel A Rodriguez, Alen Saju, Deepa Roy, Mario Gil, Robert W Keane, Ryan T Scott, Xiao W Mao, Juan Pablo de Rivero Vaccari",2025 Mar 12
"Alicia L Veliz, Lorelei Hughes, Delia Carrillo, Michael J Pecaut, Mary Kearns-Jonker",2025 Mar 10
"James A Casaletto, Ryan T Scott, Makenna Myrick, Graham Mackintosh, Hamed Chok, Amanda Saravia-Butler, Adrienne Hoarfrost, Jonathan M Galazka, Lauren M Sanders, Sylvain V Costes",2025 Jan 18
"Ebrahim Elsangeedy, Dina N Yamaleyeva, Nicholas P Edenhoffer, Allyson Deak, Anna Soloshenko, Jonathan Ray, Xuming Sun, Omar H Shaltout, Nildris Cruz-Diaz, Brian Westwood, Daniel Kim-Shapiro, Debra I Diz, Shay Soker, Victor M Pulgar, April Ronca, Jeffrey S Willey, Liliya M Yamaleyeva",2024 Dec 19
"Samrawit G Gebre, Ryan T Scott, Amanda M Saravia-Butler, Danielle K Lopez, Lauren M Sanders, Sylvain V Costes",2024 Nov 18
"Isaac Kremsky, Reyna Pergerson, Stephen Justinen, Seta Stanbouly, Jeffrey Willey, Charles A Fuller, Satoru Takahashi, Martha Hotz Vitaterna, Mary Bouxsein, Xiaowen Mao",2024 Nov 9
"Satish K Mehta, Douglass M Diak, Sara Bustos-Lopez, Mayra Nelman-Gonzalez, Xi Chen, Ianik Plante, Stephen J Stray, Ritesh Tandon, Brian E Crucian",2024 Sep 26
"Yohei Matsunaga, Hiroshi Qadota, Nasab Ghazal, Leila Lesanpezeshki, Till Dorendorf, Jasmine C Moody, Arnaud Ahier, Courtney J Matheny, Siva A Vanapalli, Steven Zuryn, Olga Mayans, Jennifer Q Kwong, Guy M Benian",2024 Oct 17
"Giada Corti, JangKeun Kim, Francisco J Enguita, Joseph W Guarnieri, Lawrence I Grossman, Sylvain V Costes, Matias Fuentealba, Ryan T Scott, Andrea Magrini, Lauren M Sanders, Kanhaiya Singh, Chandan K Sen, Cassandra M Juran, Amber M Paul, David Furman, Jean Calleja-Agius, Christopher E Mason, Diego Galeano, Massimo Bottini, Afshin Beheshti",2024 Oct 16
"Lukasz M Szydlowski, Alper A Bulbul, Anna C Simpson, Deniz E Kaya, Nitin K Singh, Ugur O Sezerman, Paweł P Łabaj, Tomasz Kosciolek, Kasthuri Venkateswaran",2024 Oct 4
"Lauren M Sanders, Danielle K Lopez, Alan E Wood, Ryan T Scott, Samrawit G Gebre, Amanda M Saravia-Butler, Sylvain V Costes",2024 Sep 16
"Nicholas Nastasi, Ashleigh Bope, Marit E Meyer, John M Horack, Karen C Dannemiller",2024 Sep 10
"E Gonzalez, M D Lee, B T Tierney, N Lipieta, P Flores, M Mishra, L Beckett, A Finkelstein, A Mo, P Walton, F Karouia, R Barker, R J Jansen, S J Green, S Weging, J Kelliher, N K Singh, D Bezdan, J Galazska, N J B Brereton",2024 Aug 29
"Fay Ghani, Abba C Zubair",2024 Aug 21
"Bradford M Kuhlman, Jonathan H Diaz, Trang Simon, Kimberly D Reeves, Stephen J Walker, Anthony Atala, Graça Almeida-Porada, Christopher D Porada",2024 Aug 14
"Candice G T Tahimic, Sonette Steczina, Aimy Sebastian, Nicholas R Hum, Metadel Abegaz, Masahiro Terada, Maria Cimini, David A Goukassian, Ann-Sofie Schreurs, Tana M Hoban-Higgins, Charles A Fuller, Gabriela G Loots, Ruth K Globus, Yasaman Shirazi-Fard",2024 Jul 24
"Jessica L Braun, Val A Fajardo",2024 Jul 19
